-3.724064941406250000e+02,2.473645751953125000e+03,9.469389343261718750e+01,3.208175048828125000e+03,6.565655517578125000e+01,1.082867309570312500e+03,3.720853424072265625e+01,4.434200134277343750e+02,1.667893981933593750e+01,3.837171630859375000e+02,9.696763038635253906e+00,1.828757781982421875e+02,1.006103134155273438e+01,5.784635162353515625e+01,6.418732166290283203e+00,2.680257225036621094e+01,-3.160120010375976562e+00,8.941038513183593750e+01,-1.326352214813232422e+01,3.005650939941406250e+02,-1.667721939086914062e+01,2.603395996093750000e+02,-1.301886081695556641e+01,1.370970764160156250e+02,-5.610224723815917969e+00,1.305467681884765625e+02,6.561911106109619141e-01,1.979418029785156250e+02,8.508481979370117188e-01,2.672815246582031250e+02,6.491779088973999023e-01,9.866788482666015625e+01,4.083113074302673340e-01,3.446199798583984375e+01,2.262789905071258545e-01,2.301943588256835938e+01,1.457180678844451904e-01,9.477581977844238281e+00,1.427940130233764648e-01,1.342262864112854004e+00,1.650404185056686401e-01,3.710424005985260010e-01,1.586587280035018921e-01,5.365285396575927734e+00,9.914776682853698730e-02,2.025681686401367188e+01,1.867354661226272583e-02,1.917811203002929688e+01,-2.496447227895259857e-02,8.535443305969238281e+00,-3.158148610964417458e-03,5.261084556579589844e+00,-9.543701410293579102e-01,2.650446319580078125e+01,-1.263293504714965820e+00,3.245063400268554688e+01,-1.040036559104919434e+00,9.981842994689941406e+00,-7.595987915992736816e-01,7.567442893981933594e+00,-5.002747178077697754e-01,8.890801429748535156e+00,-3.124377727508544922e-01,3.272944927215576172e+00,-1.988092362880706787e-01,1.335405111312866211e+00,-1.192421317100524902e-01,7.380695939064025879e-01,-3.531635552644729614e-02,1.276243329048156738e+00,5.673043802380561829e-02,4.593579292297363281e+00,1.338475942611694336e-01,2.990534067153930664e+00,1.622890233993530273e-01,2.249203920364379883e+00,1.173151358962059021e-01,4.176793575286865234e+00,4.522052407264709473e-02,6.524223717860877514e-04
-3.557622070312500000e+02,2.053774414062500000e+03,1.601130294799804688e+01,6.073884765625000000e+03,5.546934509277343750e+01,1.053568481445312500e+03,5.835139846801757812e+01,8.741351928710937500e+02,1.547164535522460938e+01,1.930135864257812500e+03,3.368260192871093750e+01,3.424541015625000000e+02,1.648391532897949219e+01,7.501504516601562500e+01,-4.740118980407714844e+00,9.639484405517578125e+01,2.338675498962402344e+00,2.050403747558593750e+02,-3.984158039093017578e+00,2.664181518554687500e+02,-1.713752555847167969e+01,1.151916198730468750e+02,-1.330266356468200684e+00,3.969708251953125000e+02,-1.546867370605468750e+01,1.924004364013671875e+02,1.042060565948486328e+01,5.478746795654296875e+01,-1.135855484008789062e+01,3.266723327636718750e+02,1.918045282363891602e+00,1.033248672485351562e+02,4.661839485168457031e+00,5.964980697631835938e+01,-6.161046981811523438e+00,1.223879547119140625e+02,2.430977344512939453e+00,2.069140815734863281e+01,1.381489276885986328e+00,2.212503194808959961e+00,-2.581484317779541016e+00,1.702464342117309570e+00,1.496456146240234375e+00,5.376140594482421875e+00,1.180910706520080566e+00,1.086893272399902344e+01,-2.273299455642700195e+00,3.450680732727050781e+00,2.639372825622558594e+00,1.730196571350097656e+01,-6.097251176834106445e-01,1.189444065093994141e+01,-1.702170372009277344e+00,2.040736961364746094e+01,-3.129352569580078125e+00,1.378519897460937500e+02,-2.603098869323730469e+00,2.220650482177734375e+01,-1.779132246971130371e+00,1.664348602294921875e+01,-2.048807144165039062e+00,4.607219696044921875e+01,-1.333915233612060547e+00,4.432600498199462891e+00,-5.249514579772949219e-01,4.484857320785522461e-01,-3.941238522529602051e-01,3.993185162544250488e-01,8.676915615797042847e-02,4.990234375000000000e+00,3.494064807891845703e-01,7.249016761779785156e+00,3.875611126422882080e-01,1.324642062187194824e+00,5.901752114295959473e-01,9.613015174865722656e+00,5.278281569480895996e-01,5.833806991577148438e+00,5.096249282360076904e-02,4.932603333145380020e-04
-3.421296081542968750e+02,1.097769897460937500e+03,3.709254837036132812e+01,4.195383300781250000e+03,8.694680786132812500e+01,4.611483383178710938e+01,9.480655670166015625e+01,1.782991485595703125e+02,2.639641380310058594e+01,1.309279174804687500e+03,5.129372024536132812e+01,2.015545654296875000e+02,3.282131958007812500e+01,1.180445861816406250e+02,-4.262396335601806641e+00,9.555050659179687500e+01,7.039152622222900391e+00,2.738194274902343750e+02,-4.799459457397460938e+00,3.344729003906250000e+02,-2.633358192443847656e+01,1.466062545776367188e+01,-5.366519451141357422e+00,3.172566223144531250e+02,-2.080367660522460938e+01,8.678183746337890625e+01,1.074086856842041016e+01,3.437415361404418945e+00,-1.550008869171142578e+01,5.221724987030029297e+00,1.069677710533142090e+00,6.113795563578605652e-02,4.600108623504638672e+00,7.145078778266906738e-01,-9.042965888977050781e+00,1.552832126617431641e+00,3.657956123352050781e+00,6.688320040702819824e-01,3.411654233932495117e+00,2.707551717758178711e-01,-3.195381879806518555e+00,2.415134459733963013e-01,4.506395339965820312e+00,3.924844563007354736e-01,4.666337490081787109e+00,3.704332113265991211e-01,-1.024417042732238770e+00,1.540778875350952148e-01,5.096282958984375000e+00,5.039947628974914551e-01,2.230216264724731445e+00,4.959851205348968506e-01,-5.025015473365783691e-01,1.411201095581054688e+01,2.658519744873046875e-01,6.358783340454101562e+01,-2.006156593561172485e-01,1.849316991865634918e-02,-3.388117253780364990e-01,9.378957152366638184e-01,1.104942932724952698e-01,2.018870735168457031e+01,-4.806079566478729248e-01,2.546359777450561523e+00,-2.315847016870975494e-02,1.509074211120605469e+00,9.548648446798324585e-02,1.247760057449340820e+00,-1.307186633348464966e-01,3.992154359817504883e+00,1.350382119417190552e-01,5.302705764770507812e+00,2.648551166057586670e-01,1.030808687210083008e-01,1.123433113098144531e-01,4.785061836242675781e+00,4.314049780368804932e-01,1.355782628059387207e+00,6.272784620523452759e-02,1.429496478522196412e-04
-3.539215698242187500e+02,8.194606018066406250e+01,1.027211685180664062e+02,4.456294250488281250e+01,8.526838684082031250e+01,1.120166778564453125e+01,7.535359954833984375e+01,1.938984298706054688e+01,6.107843780517578125e+01,8.493237495422363281e+00,3.823081207275390625e+01,2.326396560668945312e+01,1.906524085998535156e+01,5.999808502197265625e+01,5.432244300842285156e+00,6.169641113281250000e+01,-5.838717460632324219e+00,3.162034988403320312e+01,-8.658485412597656250e+00,2.375174331665039062e+01,-5.378476619720458984e+00,5.118341064453125000e+01,-7.868455410003662109e+00,4.818199920654296875e+01,-1.111288070678710938e+01,4.385071945190429688e+01,-1.501384019851684570e+00,1.422195434570312500e-01,-9.602239727973937988e-01,1.151434630155563354e-01,8.250745534896850586e-01,9.202352911233901978e-02,1.228358030319213867e+00,2.438658773899078369e-01,9.229221343994140625e-01,2.999313548207283020e-02,1.326565027236938477e+00,1.718606054782867432e-01,2.259838819503784180e+00,1.021416932344436646e-01,2.147235631942749023e+00,4.648042097687721252e-02,4.337804913520812988e-01,2.306418493390083313e-02,-1.423801779747009277e+00,2.539816498756408691e-01,-2.407892942428588867e+00,1.110849604010581970e-01,-2.747248172760009766e+00,7.247623801231384277e-02,-2.767395019531250000e+00,9.576980769634246826e-02,4.042904973030090332e-01,5.599129199981689453e-01,3.591504991054534912e-01,2.737132608890533447e-01,3.028872609138488770e-01,7.574054598808288574e-02,5.280200242996215820e-01,1.330422163009643555e-01,1.655413806438446045e-01,3.184074535965919495e-02,-4.405312538146972656e-01,2.240297049283981323e-01,-2.759784758090972900e-01,6.523904204368591309e-01,1.237843260169029236e-01,6.386030912399291992e-01,-1.587386429309844971e-01,1.285316348075866699e-01,-5.218635201454162598e-01,1.423941105604171753e-01,-2.546819746494293213e-01,6.020101308822631836e-01,-7.214546349132433534e-05,6.256629228591918945e-01,-1.475877463817596436e-01,5.052130818367004395e-01,7.577674090862274170e-02,4.264537437848048285e-06
-3.332290649414062500e+02,9.495677490234375000e+02,6.837553405761718750e+01,5.576226562500000000e+03,7.017447662353515625e+01,6.164205322265625000e+02,5.836164474487304688e+01,2.967803955078125000e+02,2.520134353637695312e+01,9.161894531250000000e+02,2.647714614868164062e+01,3.404159240722656250e+02,1.295152568817138672e+01,3.633107299804687500e+02,-4.538162708282470703e+00,2.612175903320312500e+02,-9.130316972732543945e-01,3.455252685546875000e+02,-2.206420898437500000e+00,1.556434936523437500e+02,-4.187509536743164062e+00,2.255803222656250000e+02,4.639481544494628906e+00,1.801163024902343750e+02,-5.878827095031738281e+00,5.793140411376953125e+01,1.810924768447875977e+00,1.946359634399414062e+01,2.632890462875366211e+00,2.606318054199218750e+02,1.393034458160400391e+00,2.123166084289550781e+01,-3.245752751827239990e-01,1.171081829071044922e+01,-1.417766809463500977e+00,5.798128509521484375e+01,-2.053616046905517578e+00,4.068236351013183594e+00,-2.066705465316772461e+00,5.584438800811767578e+00,-1.587678790092468262e+00,8.055598258972167969e+00,-8.710132837295532227e-01,1.522246837615966797e+01,-1.536864088848233223e-03,9.677182197570800781e+00,3.070164322853088379e-01,9.823004722595214844e+00,2.773231863975524902e-01,1.012618160247802734e+01,5.064030885696411133e-01,3.213895320892333984e+00,-6.963038351386785507e-03,2.519967460632324219e+01,2.987180352210998535e-01,1.230811309814453125e+02,1.770548075437545776e-01,7.982205390930175781e+00,2.374527454376220703e-01,6.060483455657958984e+00,4.343234002590179443e-01,2.735116958618164062e+01,1.627060472965240479e-01,5.211037635803222656e+00,5.606085062026977539e-02,6.676211357116699219e+00,7.425336539745330811e-02,5.484694004058837891e+00,-1.963694691658020020e-01,7.107362270355224609e+00,-2.406895607709884644e-01,3.992935895919799805e+00,-1.552419215440750122e-01,6.693809509277343750e+00,-1.734958589076995850e-01,3.773051500320434570e+00,-1.259724199771881104e-01,1.589076638221740723e+00,5.772696062922477722e-02,1.464210799895226955e-04
-3.496389770507812500e+02,5.692539672851562500e+02,9.101766204833984375e+01,8.093652343750000000e+02,7.453556060791015625e+01,2.787162170410156250e+02,6.780127716064453125e+01,1.726160888671875000e+02,5.008817672729492188e+01,1.713611907958984375e+02,2.922336959838867188e+01,4.603572845458984375e+01,2.183493232727050781e+01,5.766348266601562500e+01,1.335504341125488281e+01,2.240871620178222656e+01,-3.201688528060913086e+00,5.610042572021484375e+01,-1.410988330841064453e+01,1.960800476074218750e+02,-1.639952659606933594e+01,1.492345733642578125e+02,-1.710390090942382812e+01,9.849076080322265625e+01,-1.605631637573242188e+01,8.093373870849609375e+01,1.394861817359924316e+00,2.873015213012695312e+01,1.678121566772460938e+00,3.029756164550781250e+01,9.854402542114257812e-01,7.276074886322021484e+00,2.808273434638977051e-01,1.071713733673095703e+01,-1.530251652002334595e-01,5.167469501495361328e+00,-2.520400583744049072e-01,1.804514288902282715e+00,-1.658729165792465210e-01,1.902414202690124512e+00,-1.615625172853469849e-01,4.019094109535217285e-01,-3.805440962314605713e-01,3.762764692306518555e+00,-6.901107430458068848e-01,1.100645351409912109e+01,-8.481858372688293457e-01,5.761855602264404297e+00,-7.322451472282409668e-01,3.530410289764404297e+00,-3.752010762691497803e-01,6.045200824737548828e+00,-7.566485404968261719e-01,7.704669952392578125e+00,-8.692979812622070312e-01,1.335210609436035156e+01,-4.314393997192382812e-01,4.315143108367919922e+00,-2.967481873929500580e-02,3.129741907119750977e+00,2.108971029520034790e-01,3.828413248062133789e+00,2.635363340377807617e-01,5.014527440071105957e-01,1.734631508588790894e-01,1.697129249572753906e+00,1.228301078081130981e-01,6.999816298484802246e-01,2.503968477249145508e-01,5.683856010437011719e-01,4.425045549869537354e-01,3.083670854568481445e+00,5.109211802482604980e-01,2.228364706039428711e+00,4.306397736072540283e-01,1.443520545959472656e+00,2.537273764610290527e-01,7.431250810623168945e-01,5.754463002085685730e-02,4.252083890605717897e-04
-3.559364929199218750e+02,3.699487060546875000e+03,1.007476196289062500e+02,6.140972656250000000e+03,6.642793273925781250e+01,2.202499023437500000e+03,3.229012680053710938e+01,6.141652832031250000e+02,1.583985900878906250e+01,2.016513824462890625e+02,8.945480346679687500e+00,3.687911376953125000e+02,1.108008480072021484e+01,3.359086303710937500e+02,3.131072998046875000e+00,1.042436828613281250e+02,-8.226201057434082031e+00,3.424053192138671875e+01,-1.595821952819824219e+01,1.424773406982421875e+02,-1.809182548522949219e+01,2.216347503662109375e+02,-1.727702140808105469e+01,1.958129730224609375e+02,-1.343220329284667969e+01,1.357825469970703125e+02,1.496436882019042969e+01,4.376189422607421875e+01,1.860765266418457031e+01,8.537816619873046875e+01,9.811954498291015625e+00,4.964500427246093750e+01,3.647976875305175781e+00,2.195829582214355469e+01,1.818713545799255371e+00,1.033507943153381348e+00,4.111836433410644531e+00,7.004060745239257812e+00,3.518731117248535156e+00,1.282529354095458984e+01,1.661577343940734863e+00,2.987730979919433594e+00,-1.232275724411010742e+00,5.057463049888610840e-02,-3.041426420211791992e+00,8.023865222930908203e-01,-3.171644210815429688e+00,3.878856182098388672e+00,-1.883793354034423828e+00,8.805090904235839844e+00,-2.523767650127410889e-01,1.022027301788330078e+01,-4.934801459312438965e-01,3.848910140991210938e+01,-7.668316960334777832e-01,7.133873748779296875e+01,-7.702168226242065430e-01,3.448505401611328125e+01,-4.962823688983917236e-01,1.337803554534912109e+01,2.809802591800689697e-01,3.221564769744873047e+00,7.972411513328552246e-01,2.272240877151489258e+00,6.625730991363525391e-01,5.209064960479736328e+00,1.484145373106002808e-01,1.866023778915405273e+00,-1.144265085458755493e-01,2.161603271961212158e-01,-1.376418303698301315e-02,6.014246344566345215e-01,3.503538668155670166e-01,2.688754558563232422e+00,6.586385369300842285e-01,4.276611328125000000e+00,7.071520090103149414e-01,3.917859792709350586e+00,5.716782808303833008e-02,1.200045109726488590e-03
-3.413802795410156250e+02,6.882826538085937500e+02,1.190428619384765625e+02,7.737491455078125000e+02,8.862508392333984375e+01,1.552134704589843750e+02,6.064649200439453125e+01,2.651672363281250000e+02,4.642174530029296875e+01,2.102465057373046875e+02,4.102065277099609375e+01,3.043607139587402344e+01,3.161010742187500000e+01,4.070684051513671875e+01,1.173569297790527344e+01,2.413542556762695312e+01,-1.263423919677734375e+01,1.248072738647460938e+02,-2.951968955993652344e+01,2.680675659179687500e+02,-3.212238693237304688e+01,1.754926300048828125e+02,-2.382143592834472656e+01,5.177896881103515625e+01,-1.331764793395996094e+01,9.541204833984375000e+01,1.007985472679138184e+00,9.066176414489746094e+00,1.185703277587890625e-01,1.149327087402343750e+01,-2.717402935028076172e+00,2.299709796905517578e+00,-4.735325813293457031e+00,1.803946197032928467e-01,-4.378809452056884766e+00,2.536431252956390381e-01,-2.303557872772216797e+00,6.902061402797698975e-02,-6.435676813125610352e-01,6.592479348182678223e-02,-7.809041738510131836e-01,1.773410737514495850e-01,-2.055960655212402344e+00,1.850122094154357910e+00,-2.685797214508056641e+00,3.370269775390625000e+00,-1.574521064758300781e+00,2.530579566955566406e+00,8.695033788681030273e-01,9.409145116806030273e-01,3.265323162078857422e+00,2.314373999834060669e-01,-3.412031650543212891e+00,2.675380229949951172e+00,-3.833692550659179688e+00,2.793373107910156250e+00,-1.666919112205505371e+00,1.049850702285766602e+00,3.994035720825195312e-02,2.851022481918334961e+00,3.745861649513244629e-01,2.301035642623901367e+00,-1.340967714786529541e-01,3.552086055278778076e-01,-2.932407855987548828e-01,2.029330655932426453e-02,4.348652958869934082e-01,3.806060180068016052e-02,1.508481621742248535e+00,8.075914382934570312e-01,2.059757947921752930e+00,1.659582734107971191e+00,1.794849753379821777e+00,9.099479913711547852e-01,1.083376646041870117e+00,2.555659711360931396e-01,3.992393314838409424e-01,1.131097197532653809e+00,7.465276122093200684e-02,1.328410144196823239e-04
-3.205986633300781250e+02,3.546416015625000000e+02,4.084307479858398438e+01,2.808392333984375000e+03,5.194678497314453125e+01,3.809290771484375000e+02,5.389952850341796875e+01,2.705882873535156250e+02,3.231811141967773438e+01,1.253447631835937500e+03,3.303416824340820312e+01,1.028398437500000000e+02,2.316360282897949219e+01,7.510275268554687500e+01,1.199107551574707031e+01,2.850872802734375000e+02,1.105724525451660156e+01,9.206645202636718750e+01,-1.107255339622497559e+00,9.364992523193359375e+01,-5.729067325592041016e+00,6.340774536132812500e+01,-7.954252958297729492e-01,1.393565063476562500e+02,-1.125397682189941406e+01,6.512863922119140625e+01,2.678167343139648438e+00,2.181720018386840820e+00,-3.794825792312622070e+00,1.289395294189453125e+02,5.855526924133300781e-01,2.889538574218750000e+01,1.182175755500793457e+00,1.443710517883300781e+01,-2.731702566146850586e+00,5.764842605590820312e+01,1.139467358589172363e+00,7.581732273101806641e+00,7.078489661216735840e-01,5.162762641906738281e+00,-1.628335595130920410e+00,1.119885444641113281e+01,9.672011137008666992e-01,3.695247888565063477e+00,5.882801413536071777e-01,5.207856178283691406e+00,-8.572977185249328613e-01,1.096514821052551270e+00,9.054858684539794922e-01,6.243367195129394531e+00,-5.589986965060234070e-02,2.937678575515747070e+00,-3.350147902965545654e-01,4.679744720458984375e+00,-4.169535338878631592e-01,3.772377395629882812e+01,-5.842505097389221191e-01,7.409659862518310547e+00,-3.520312905311584473e-01,4.943876743316650391e+00,-2.964004576206207275e-01,1.448403453826904297e+01,-4.532811045646667480e-01,2.327777624130249023e+00,-2.060144543647766113e-01,1.749260187149047852e+00,-2.091675400733947754e-01,1.898913741111755371e+00,-1.597091406583786011e-01,1.368910670280456543e+00,-7.894676178693771362e-02,1.714017152786254883e+00,-1.064235791563987732e-01,4.574340879917144775e-01,2.462454140186309814e-02,1.909862160682678223e+00,8.891165256500244141e-02,1.198348283767700195e+00,6.265079975128173828e-02,4.830243706237524748e-04
-3.889058532714843750e+02,6.826390380859375000e+02,8.018228149414062500e+01,9.692797241210937500e+02,6.581973266601562500e+01,5.086522216796875000e+02,6.186668395996093750e+01,3.146888427734375000e+02,5.053910064697265625e+01,2.239760284423828125e+02,3.272869110107421875e+01,8.604403686523437500e+01,2.081521987915039062e+01,8.040946960449218750e+01,9.987362861633300781e+00,1.114145202636718750e+02,-1.501097679138183594e-01,1.454747314453125000e+02,-1.344280242919921875e+00,7.350143432617187500e+01,1.220247864723205566e+00,2.588865280151367188e+01,-2.951079368591308594e+00,1.052428245544433594e+01,-7.445839881896972656e+00,2.428268051147460938e+01,-6.112737178802490234e+00,2.382186698913574219e+01,-7.775687694549560547e+00,3.181275177001953125e+01,-6.035322189331054688e+00,1.339907264709472656e+01,-4.963710784912109375e+00,9.248316764831542969e+00,-3.925350427627563477e+00,7.851248741149902344e+00,-1.607317686080932617e+00,2.945274353027343750e+00,2.436088323593139648e-01,8.004586100578308105e-01,8.023073077201843262e-01,1.296639084815979004e+00,1.675916433334350586e+00,2.187173366546630859e+00,1.976166009902954102e+00,7.696110010147094727e-01,9.726831912994384766e-01,9.009842574596405029e-02,6.740898489952087402e-01,4.093229174613952637e-01,7.709572315216064453e-01,1.417128324508666992e+00,-1.393323421478271484e+00,1.104971122741699219e+01,-1.547805309295654297e+00,1.364203548431396484e+01,-9.930163621902465820e-01,4.549192905426025391e+00,-9.266531467437744141e-01,2.344210624694824219e+00,-8.389667272567749023e-01,2.248829603195190430e+00,-4.771260023117065430e-01,1.476384162902832031e+00,-1.200410127639770508e-01,2.245805263519287109e+00,1.789242625236511230e-01,2.714860439300537109e+00,2.993013262748718262e-01,3.218643903732299805e+00,8.624899387359619141e-02,1.130571961402893066e+00,-5.916614830493927002e-02,2.260595746338367462e-02,1.940451115369796753e-01,1.043808311223983765e-01,3.641662597656250000e-01,4.832491874694824219e-01,5.726836994290351868e-02,4.293625243008136749e-04
-3.856452026367187500e+02,4.480588378906250000e+03,6.404986572265625000e+01,4.284466796875000000e+03,3.940425109863281250e+01,1.071880371093750000e+03,3.859285354614257812e+01,1.375824707031250000e+03,3.121964263916015625e+01,5.629678344726562500e+02,1.912516975402832031e+01,7.872038574218750000e+02,1.935200309753417969e+01,3.210268554687500000e+02,6.684442996978759766e+00,3.523738708496093750e+02,-1.876781845092773438e+01,5.013997497558593750e+02,-1.820940780639648438e+01,5.012789611816406250e+02,-7.274896621704101562e+00,1.172396926879882812e+02,3.292483091354370117e+00,8.587988281250000000e+01,-5.504564285278320312e+00,8.115732574462890625e+01,-3.454841375350952148e-01,3.144313659667968750e+02,-4.582125246524810791e-01,1.665219573974609375e+02,-4.000732600688934326e-01,5.423238754272460938e+01,-3.239578604698181152e-01,8.460799407958984375e+01,-2.149038165807723999e-01,3.736599731445312500e+01,-1.143474876880645752e-01,3.837310791015625000e+01,-3.192930668592453003e-02,2.202075576782226562e+01,5.089266970753669739e-02,9.887836456298828125e+00,1.049140766263008118e-01,2.310467147827148438e+01,1.303047537803649902e-01,2.110827827453613281e+01,1.477827429771423340e-01,4.843077659606933594e+00,1.376670747995376587e-01,2.232856750488281250e+00,1.070655211806297302e-01,4.303340435028076172e+00,-4.038007557392120361e-01,4.822261047363281250e+01,-5.464703440666198730e-01,1.061528930664062500e+02,-4.949554204940795898e-01,2.301369667053222656e+01,-4.250844419002532959e-01,1.958431053161621094e+01,-3.300117254257202148e-01,3.849041461944580078e+00,-2.393494695425033569e-01,2.497061347961425781e+01,-1.613286733627319336e-01,4.915866851806640625e+00,-8.500564098358154297e-02,1.083483600616455078e+01,-2.978680282831192017e-02,8.578414916992187500e+00,4.316738806664943695e-03,9.954481124877929688e+00,3.076018951833248138e-02,2.857045173645019531e+00,3.693091869354248047e-02,2.799194574356079102e+00,2.795441262423992157e-02,1.230146408081054688e+00,3.537474572658538818e-02,6.303379777818918228e-04
-2.545843811035156250e+02,5.087302856445312500e+02,5.346345138549804688e+01,8.060992431640625000e+02,4.647583770751953125e+01,4.971562500000000000e+02,4.151849746704101562e+01,3.666079711914062500e+02,3.490552902221679688e+01,2.751912841796875000e+02,2.500400352478027344e+01,1.094313201904296875e+02,1.701038932800292969e+01,5.925551605224609375e+01,1.152959346771240234e+01,8.053565216064453125e+01,3.750974893569946289e+00,1.011007156372070312e+02,-4.546466827392578125e+00,1.272006378173828125e+02,-7.432104110717773438e+00,9.853928375244140625e+01,-6.836120605468750000e+00,4.566908264160156250e+01,-8.157965660095214844e+00,7.264743041992187500e+01,5.990386962890625000e+00,1.270607590675354004e+00,7.673265457153320312e+00,1.800549745559692383e+00,5.798423767089843750e+00,3.966864109039306641e+00,3.856450557708740234e+00,1.534789943695068359e+01,2.452428579330444336e+00,1.982642936706542969e+01,1.548933744430541992e+00,9.361376762390136719e+00,7.545767426490783691e-01,5.536073207855224609e+00,-2.929516732692718506e-01,7.791709423065185547e+00,-1.512428998947143555e+00,7.407289028167724609e+00,-2.291635751724243164e+00,3.682204484939575195e+00,-2.101121425628662109e+00,1.640491843223571777e+00,-1.142017960548400879e+00,9.064380526542663574e-01,-1.225002929568290710e-01,6.162965774536132812e+00,9.184382110834121704e-02,1.070995330810546875e+00,5.131640005856752396e-03,1.680082201957702637e+00,-3.267374336719512939e-01,1.322724819183349609e+00,-6.674000620841979980e-01,2.470359802246093750e+00,-7.483905553817749023e-01,3.222404718399047852e+00,-5.696931481361389160e-01,1.233652234077453613e+00,-4.106433093547821045e-01,9.907535910606384277e-01,-4.179680645465850830e-01,1.490846753120422363e+00,-4.606252908706665039e-01,1.188584089279174805e+00,-4.007873833179473877e-01,6.388261318206787109e-01,-2.155421823263168335e-01,5.417963862419128418e-01,9.442820399999618530e-02,4.845308065414428711e-01,4.428102374076843262e-01,1.746178030967712402e+00,8.790659159421920776e-02,1.611004117876291275e-03
-3.066322937011718750e+02,8.942152709960937500e+02,1.673303527832031250e+02,7.190795288085937500e+02,7.318756103515625000e+01,3.011203002929687500e+02,1.319273662567138672e+01,7.800841064453125000e+02,1.419355964660644531e+01,3.373659667968750000e+02,3.439677429199218750e+01,1.758081512451171875e+02,2.802230644226074219e+01,8.176933288574218750e+01,-5.715493202209472656e+00,1.979635620117187500e+01,-3.529439544677734375e+01,1.121042938232421875e+02,-3.781065750122070312e+01,6.344205856323242188e+01,-1.789222908020019531e+01,5.779650497436523438e+01,4.488605976104736328e+00,5.020370101928710938e+01,1.492395877838134766e+01,2.341889381408691406e+01,-5.204566478729248047e+00,3.951089477539062500e+01,-5.800293922424316406e+00,2.144624519348144531e+01,-2.643809080123901367e+00,1.559011077880859375e+01,8.847386389970779419e-02,5.610294723510742188e+01,1.514012217521667480e+00,1.967049789428710938e+01,1.596951842308044434e+00,4.963802993297576904e-01,3.120542168617248535e-01,1.302423238754272461e+00,-8.098250031471252441e-01,1.686610877513885498e-01,-1.517906039953231812e-01,1.258019328117370605e+00,1.485487103462219238e+00,1.162301659584045410e+00,1.964190602302551270e+00,2.427728176116943359e+00,1.061122536659240723e+00,2.677127122879028320e+00,2.752277851104736328e-01,1.083745062351226807e-02,-2.552164316177368164e+00,1.471057319641113281e+01,-1.824916243553161621e+00,9.296498298645019531e+00,1.586725831031799316e+00,6.428743839263916016e+00,3.081594705581665039e+00,1.924244117736816406e+01,1.809215903282165527e+00,7.686236381530761719e+00,-4.243820160627365112e-02,3.610174417495727539e+00,-4.536090195178985596e-01,1.672691106796264648e+00,1.269967108964920044e-01,3.792834281921386719e-01,4.415443241596221924e-01,2.172042369842529297e+00,4.405410885810852051e-01,6.472234129905700684e-01,6.302962303161621094e-01,8.339916467666625977e-01,6.718036532402038574e-01,9.754951596260070801e-01,1.210830919444561005e-02,3.041555285453796387e-01,7.811439037322998047e-02,2.781097718980163336e-04
-3.249438476562500000e+02,1.151287841796875000e+03,1.180240325927734375e+02,1.170910400390625000e+03,7.720045471191406250e+01,3.214180908203125000e+02,4.294031524658203125e+01,4.366021118164062500e+02,1.957720756530761719e+01,5.432093505859375000e+02,9.602773666381835938e+00,2.288042602539062500e+02,1.026938819885253906e+01,5.943790817260742188e+01,5.272688865661621094e+00,7.677297973632812500e+01,-8.881702423095703125e+00,4.449574279785156250e+01,-1.757168579101562500e+01,1.668502349853515625e+02,-1.460770702362060547e+01,2.589652709960937500e+02,-7.705476760864257812e+00,2.259011230468750000e+02,-1.944897055625915527e+00,9.207009887695312500e+01,-2.608197212219238281e+00,8.888849639892578125e+01,-3.508126497268676758e+00,8.822515869140625000e+01,-2.421995878219604492e+00,1.047754859924316406e+01,-8.137009143829345703e-01,2.353981399536132812e+01,9.047526121139526367e-02,3.330831909179687500e+01,6.642770767211914062e-01,1.439174842834472656e+01,1.075936079025268555e+00,1.766225099563598633e+00,8.065795302391052246e-01,2.574904441833496094e+00,6.461681127548217773e-01,3.011876821517944336e+00,8.810333609580993652e-01,1.384848785400390625e+01,6.675513982772827148e-01,1.517391109466552734e+01,2.702339887619018555e-01,1.204348564147949219e+01,-5.563342571258544922e-02,5.621788501739501953e+00,-8.123234510421752930e-01,3.648923873901367188e+01,-1.015262007713317871e+00,3.921707153320312500e+01,-5.333256721496582031e-01,8.876255035400390625e+00,2.677142620086669922e-02,9.539908409118652344e+00,2.207255363464355469e-01,1.474618339538574219e+01,2.250474691390991211e-01,6.608165740966796875e+00,2.433355152606964111e-01,5.721330642700195312e-01,2.209972441196441650e-01,1.260149598121643066e+00,3.463584184646606445e-01,6.246920824050903320e-01,5.737167000770568848e-01,5.308876514434814453e+00,5.655158758163452148e-01,1.016848373413085938e+01,4.175847470760345459e-01,8.189584732055664062e+00,2.885240316390991211e-01,2.607116222381591797e+00,7.097247242927551270e-02,2.271709090564399958e-04
-3.525328979492187500e+02,1.837333679199218750e+02,6.590951538085937500e+01,1.501158691406250000e+03,5.929808425903320312e+01,1.399348388671875000e+03,7.178562164306640625e+01,1.977134094238281250e+02,4.461280822753906250e+01,5.181895141601562500e+02,2.736967849731445312e+01,5.380286865234375000e+02,3.163682174682617188e+01,2.895837783813476562e+01,9.452393531799316406e+00,2.885142898559570312e+01,-4.418999671936035156e+00,3.527642822265625000e+01,-4.148865699768066406e+00,1.080590667724609375e+02,-1.465698528289794922e+01,8.952742767333984375e+01,-1.738819694519042969e+01,6.722878265380859375e+01,-1.720888137817382812e+01,8.773554229736328125e+01,3.616559982299804688e+00,2.307260036468505859e+00,1.343485832214355469e+01,9.197862625122070312e+00,1.309823799133300781e+01,8.022238731384277344e+00,3.897970676422119141e+00,2.226025104522705078e+00,8.343172073364257812e+00,2.684596538543701172e+00,8.640667915344238281e+00,2.014466762542724609e+00,2.294300049543380737e-01,3.044909099116921425e-03,2.110987901687622070e+00,1.104150190949440002e-01,2.210383653640747070e+00,1.617054492235183716e-01,-2.563635110855102539e+00,1.006775259971618652e+00,-2.076950788497924805e+00,1.245808243751525879e+00,-2.234997034072875977e+00,7.551411390304565430e-01,-2.957301616668701172e+00,7.627741098403930664e-01,-1.617081642150878906e+00,1.046998858451843262e+00,-3.089790582656860352e+00,1.561503028869628906e+01,-2.860944747924804688e+00,1.478635215759277344e+01,-1.567594885826110840e+00,1.058769583702087402e+00,-1.595568299293518066e+00,5.657649040222167969e+00,-1.301424264907836914e+00,6.180070400238037109e+00,6.017040461301803589e-02,2.402180805802345276e-02,2.893885672092437744e-01,3.197478353977203369e-01,3.653172552585601807e-01,4.040901064872741699e-01,1.109350085258483887e+00,8.705831766128540039e-01,1.238020658493041992e+00,5.837923884391784668e-01,9.423259496688842773e-01,5.601477026939392090e-01,9.231032133102416992e-01,8.325700759887695312e-01,5.751416832208633423e-02,2.816480118781328201e-04
-3.274077758789062500e+02,2.361399688720703125e+02,5.686336135864257812e+01,2.067856445312500000e+03,6.659056854248046875e+01,2.932494201660156250e+02,6.564591979980468750e+01,1.975553741455078125e+02,4.277125930786132812e+01,8.269015502929687500e+02,4.017723846435546875e+01,8.389459228515625000e+01,2.635988807678222656e+01,9.637102508544921875e+01,1.093260955810546875e+01,1.465805053710937500e+02,8.693142890930175781e+00,1.007053833007812500e+02,-4.976403236389160156e+00,1.565765838623046875e+02,-1.698170661926269531e+01,4.211015319824218750e+01,-9.410184860229492188e+00,2.284215240478515625e+02,-1.779853820800781250e+01,7.399962615966796875e+01,3.432253897190093994e-01,5.834320545196533203e+00,-8.727813720703125000e+00,8.353289794921875000e+01,-3.215476274490356445e+00,2.006739044189453125e+01,-2.301285266876220703e+00,1.275726318359375000e+01,-5.924447536468505859e+00,3.070527458190917969e+01,-1.330254912376403809e+00,3.646670341491699219e+00,-1.231392025947570801e+00,3.744409561157226562e+00,-2.821819543838500977e+00,1.179506182670593262e+00,4.193718731403350830e-01,5.187425136566162109e+00,5.890142321586608887e-01,9.782008171081542969e+00,-6.178965568542480469e-01,3.398113250732421875e+00,2.055660247802734375e+00,1.143803691864013672e+01,1.038584232330322266e+00,5.200230121612548828e+00,-6.378726959228515625e-01,3.536450147628784180e+00,-1.085264086723327637e+00,2.714064788818359375e+01,-6.907617449760437012e-01,8.298556327819824219e+00,-7.993393540382385254e-01,3.959542989730834961e+00,-7.939450144767761230e-01,7.067676067352294922e+00,-3.183949291706085205e-01,2.546315431594848633e+00,-2.614737451076507568e-01,3.033092260360717773e+00,-2.404057532548904419e-01,3.254016935825347900e-01,4.005135968327522278e-02,2.657098293304443359e+00,1.594819575548171997e-01,3.164517402648925781e+00,2.644838392734527588e-01,4.927942752838134766e-01,2.591232061386108398e-01,4.879880428314208984e+00,2.608657181262969971e-01,1.482903957366943359e+00,7.827924937009811401e-02,4.879225743934512138e-04
-3.473460083007812500e+02,1.795860107421875000e+03,1.656687736511230469e+01,5.027307617187500000e+03,7.150903320312500000e+01,6.041250000000000000e+02,6.542874145507812500e+01,5.793476562500000000e+02,1.813815307617187500e+01,1.305768432617187500e+03,4.420790481567382812e+01,2.921034545898437500e+02,2.094788360595703125e+01,6.764227294921875000e+01,-2.127024173736572266e+00,6.207585144042968750e+01,8.192488670349121094e+00,2.773407897949218750e+02,-3.032302141189575195e+00,2.276346130371093750e+02,-1.915868759155273438e+01,1.243789520263671875e+02,1.499122142791748047e+00,3.648620605468750000e+02,-1.740315628051757812e+01,8.451711273193359375e+01,1.024103641510009766e+01,6.357511138916015625e+01,-7.695270061492919922e+00,5.894789123535156250e+01,5.282515048980712891e+00,3.428577423095703125e+01,5.106846809387207031e+00,2.639267730712890625e+01,-3.401212692260742188e+00,1.638794326782226562e+01,4.996511459350585938e+00,4.965339660644531250e+00,2.452964305877685547e+00,9.523640573024749756e-02,-1.291808009147644043e+00,1.737347126007080078e+00,3.528142213821411133e+00,7.639607429504394531e+00,1.457066059112548828e+00,6.208457946777343750e+00,-1.451661586761474609e+00,9.806550979614257812e+00,2.971882343292236328e+00,6.179079055786132812e+00,-7.731459140777587891e-01,5.831342697143554688e+00,-2.381286382675170898e+00,2.632409858703613281e+01,-5.690579414367675781e-01,1.241138000488281250e+02,-1.733629465103149414e+00,1.106541538238525391e+01,-1.403726577758789062e+00,1.081976509094238281e+01,-4.222311973571777344e-01,3.330556106567382812e+01,-6.243426799774169922e-01,2.619732379913330078e+00,1.348353028297424316e-01,2.123463749885559082e-01,3.781858384609222412e-01,1.183923959732055664e+00,7.371755838394165039e-01,5.104893207550048828e+00,5.628076791763305664e-01,5.991522312164306641e+00,9.606682062149047852e-01,2.706557273864746094e+00,4.502291679382324219e-01,8.588485717773437500e+00,6.951987147331237793e-01,2.327046394348144531e+00,5.228287354111671448e-02,1.999697851715609431e-04
-3.347132873535156250e+02,9.995039062500000000e+02,6.475858306884765625e+01,8.106854003906250000e+03,6.273004531860351562e+01,9.979594116210937500e+02,5.042168807983398438e+01,3.287920837402343750e+02,1.140915966033935547e+01,1.378090698242187500e+03,1.594104290008544922e+01,6.141688232421875000e+02,5.767117977142333984e+00,3.561963195800781250e+02,-1.093401145935058594e+01,2.227129364013671875e+02,-6.636232852935791016e+00,3.880373535156250000e+02,-1.103405857086181641e+01,4.273615112304687500e+02,-1.687924957275390625e+01,1.080692749023437500e+02,-1.341867566108703613e+00,1.850718841552734375e+02,-5.038810253143310547e+00,6.061182022094726562e+01,1.904385447502136230e+00,9.102025604248046875e+01,-8.889551162719726562e+00,4.050016479492187500e+02,-3.365030765533447266e+00,5.430157089233398438e+01,-1.920734196901321411e-01,8.685410499572753906e+00,-4.887735843658447266e+00,2.145747756958007812e+01,-1.379193663597106934e+00,4.267962646484375000e+01,2.764293551445007324e-01,2.347191429138183594e+01,-2.324075460433959961e+00,7.563562870025634766e+00,-1.600938588380813599e-01,2.451835823059082031e+01,1.672078818082809448e-01,3.144632530212402344e+01,-1.318826913833618164e+00,8.894581794738769531e+00,6.742830276489257812e-01,6.969360351562500000e+00,-4.200612008571624756e-01,1.490357398986816406e+00,-1.449403762817382812e+00,1.192934322357177734e+01,-6.996404528617858887e-01,9.721379089355468750e+01,-1.335324883460998535e+00,1.303202533721923828e+01,-6.557455658912658691e-01,1.281381988525390625e+01,1.922272592782974243e-01,3.467307662963867188e+01,-2.868423461914062500e-01,2.109346389770507812e+01,5.258909463882446289e-01,6.041656017303466797e+00,5.376575589179992676e-01,3.169853448867797852e+00,3.001834452152252197e-01,6.578265666961669922e+00,3.619149029254913330e-01,7.926314353942871094e+00,4.770237505435943604e-01,4.630220830440521240e-01,1.376371681690216064e-01,2.353857755661010742e+00,2.215899676084518433e-01,1.799017667770385742e+00,6.126300245523452759e-02,6.282467511482536793e-04
-3.626336059570312500e+02,4.226834960937500000e+03,1.010178833007812500e+02,6.581038574218750000e+03,5.984046173095703125e+01,2.243266601562500000e+03,2.552415084838867188e+01,6.269761962890625000e+02,1.080722999572753906e+01,2.348357543945312500e+02,8.314728736877441406e+00,3.849168701171875000e+02,1.071218013763427734e+01,3.490284118652343750e+02,4.719094038009643555e-01,6.397527313232421875e+01,-1.239971446990966797e+01,9.835578918457031250e+01,-1.900551605224609375e+01,2.449257202148437500e+02,-1.929662704467773438e+01,2.329915313720703125e+02,-1.671678924560546875e+01,1.963101196289062500e+02,-1.379897880554199219e+01,1.185347900390625000e+02,1.523245048522949219e+01,5.285090637207031250e+01,1.861023139953613281e+01,1.019729614257812500e+02,8.925370216369628906e+00,7.319051361083984375e+01,1.085753917694091797e+00,2.569060325622558594e+01,1.123225331306457520e+00,2.174576997756958008e+00,4.446710586547851562e+00,6.480832576751708984e+00,3.427266120910644531e+00,1.256520652770996094e+01,5.620037913322448730e-01,1.212014198303222656e+00,-2.633405208587646484e+00,1.679763317108154297e+00,-4.160119056701660156e+00,2.231912374496459961e+00,-3.624141216278076172e+00,2.373894691467285156e+00,-2.621416091918945312e+00,5.674921512603759766e+00,-1.298870325088500977e+00,6.320254325866699219e+00,-5.515674948692321777e-01,5.003164291381835938e+01,-1.105766057968139648e+00,8.338857269287109375e+01,-1.268990159034729004e+00,4.189120864868164062e+01,-4.810278713703155518e-01,1.687828254699707031e+01,2.548001706600189209e-01,4.766967296600341797e+00,7.503708600997924805e-01,2.924467802047729492e+00,6.382758021354675293e-01,5.358669281005859375e+00,-8.176286704838275909e-03,1.186839222908020020e+00,-4.047296941280364990e-01,3.907850682735443115e-01,-2.290105223655700684e-01,1.137234210968017578e+00,1.192560046911239624e-01,2.127603292465209961e+00,4.298590123653411865e-01,3.383776426315307617e+00,4.754485487937927246e-01,2.898506402969360352e+00,5.386652424931526184e-02,1.123076421208679676e-03
-3.178558959960937500e+02,7.394732666015625000e+02,1.030421600341796875e+02,6.663508911132812500e+02,8.027091979980468750e+01,7.992803955078125000e+01,6.640052795410156250e+01,1.309399871826171875e+02,5.684840011596679688e+01,3.351411056518554688e+01,4.197160720825195312e+01,4.102483749389648438e+00,2.269332504272460938e+01,8.043891143798828125e+01,2.317893981933593750e+00,4.159753723144531250e+02,-1.292947673797607422e+01,5.287003173828125000e+02,-1.467081260681152344e+01,1.697961578369140625e+02,-8.430635452270507812e+00,4.290696334838867188e+01,-8.600136756896972656e+00,1.486859893798828125e+02,-1.413891124725341797e+01,8.908506011962890625e+01,-8.907238960266113281e+00,4.913276672363281250e+00,-8.734343528747558594e+00,3.272662639617919922e+00,-1.862420201301574707e+00,4.496177196502685547e+00,9.900693893432617188e-01,8.844579696655273438e+00,-7.563871890306472778e-02,2.301532268524169922e+00,-2.021440267562866211e-01,3.946357965469360352e-02,2.618949174880981445e+00,8.249416351318359375e-01,6.161217212677001953e+00,4.550866127014160156e+00,7.184973239898681641e+00,4.596428871154785156e+00,4.307923316955566406e+00,8.235957026481628418e-01,-2.059750556945800781e-01,1.807789921760559082e+00,-2.282925367355346680e+00,5.231882572174072266e+00,-1.319687247276306152e+00,2.941473722457885742e+00,4.953224658966064453e-01,3.596464872360229492e+00,1.658221036195755005e-01,2.873167514801025391e+00,-8.416937589645385742e-01,1.273648262023925781e+00,-1.186523318290710449e+00,3.154310941696166992e+00,-6.139612793922424316e-01,7.776120901107788086e-01,-9.207276999950408936e-02,2.837388776242733002e-02,-2.899222970008850098e-01,8.917789459228515625e-01,-6.720718145370483398e-01,4.081304550170898438e+00,-5.930972695350646973e-01,3.546821594238281250e+00,-9.491054713726043701e-02,3.573049902915954590e-01,5.292481184005737305e-01,9.949892759323120117e-01,8.947399854660034180e-01,3.024651288986206055e+00,6.893463134765625000e-01,1.918621897697448730e+00,8.005242049694061279e-02,2.036886580754071474e-04
-3.709218444824218750e+02,2.837249023437500000e+03,3.784535217285156250e+01,6.304770507812500000e+03,4.047261810302734375e+01,1.053763916015625000e+03,3.560643005371093750e+01,7.519616699218750000e+02,1.302698230743408203e+01,1.349297363281250000e+03,3.501679992675781250e+01,8.401038208007812500e+02,2.425536727905273438e+01,2.965713195800781250e+02,-5.879366397857666016e+00,2.072588500976562500e+02,-7.622611999511718750e+00,7.677464599609375000e+02,-1.149173641204833984e+01,5.742279663085937500e+02,-1.399514389038085938e+01,1.371883392333984375e+02,-6.073696613311767578e-01,1.250702285766601562e+02,-4.746706485748291016e+00,4.441535186767578125e+01,3.238902091979980469e+00,1.241536026000976562e+02,-3.206947565078735352e+00,2.754334716796875000e+02,7.660023123025894165e-02,5.715700149536132812e+01,2.341961383819580078e+00,1.575037288665771484e+01,-2.495791196823120117e+00,5.576213073730468750e+01,5.632486343383789062e-01,4.158361816406250000e+01,1.179968714714050293e+00,1.453483581542968750e+01,-1.891265034675598145e+00,6.600832939147949219e+00,6.142105460166931152e-01,4.058635711669921875e+01,5.361060500144958496e-01,3.140148544311523438e+01,-1.277718424797058105e+00,6.480858325958251953e+00,5.138213038444519043e-01,3.988185882568359375e+00,1.459752209484577179e-02,2.536379814147949219e+00,-8.049626946449279785e-01,1.004336166381835938e+02,5.519053936004638672e-01,9.122959136962890625e+01,-5.192586183547973633e-01,2.608189773559570312e+01,-1.982974410057067871e-01,1.002153396606445312e+01,1.770983785390853882e-01,1.534297561645507812e+01,-4.017715454101562500e-01,2.547243118286132812e+01,7.889287918806076050e-02,8.474330902099609375e+00,-6.944975256919860840e-02,3.904446840286254883e+00,-5.552133545279502869e-02,1.367487144470214844e+01,5.120487511157989502e-02,1.106645965576171875e+01,6.769093126058578491e-02,4.319994926452636719e+00,-8.636833727359771729e-02,1.943507075309753418e+00,1.113370805978775024e-01,7.431714534759521484e-01,3.937032073736190796e-02,7.262970320880413055e-04
-3.427398986816406250e+02,5.449968872070312500e+02,6.788442230224609375e+01,7.302476196289062500e+02,5.945550155639648438e+01,5.222981567382812500e+02,5.568991851806640625e+01,4.966052856445312500e+02,4.660766601562500000e+01,3.713178405761718750e+02,3.101991844177246094e+01,1.381846923828125000e+02,1.979447937011718750e+01,9.313301086425781250e+01,1.233884620666503906e+01,4.952565002441406250e+01,1.732692003250122070e+00,6.751277160644531250e+01,-7.559604644775390625e+00,1.512898406982421875e+02,-1.021287536621093750e+01,1.051808624267578125e+02,-1.151243019104003906e+01,8.534169769287109375e+01,-1.401796245574951172e+01,1.009896621704101562e+02,8.967113494873046875e-02,2.583861541748046875e+01,8.526866137981414795e-02,3.635312271118164062e+01,1.041336804628372192e-01,2.626990318298339844e+01,2.807937860488891602e-01,2.284902763366699219e+01,4.252599775791168213e-01,1.551125335693359375e+01,4.533552229404449463e-01,5.484400749206542969e+00,5.254264473915100098e-01,3.503631353378295898e+00,6.419667005538940430e-01,1.776088356971740723e+00,6.188197731971740723e-01,3.801849603652954102e+00,4.815814793109893799e-01,8.358931541442871094e+00,3.936243355274200439e-01,6.280836582183837891e+00,3.023937344551086426e-01,5.335338592529296875e+00,9.776160866022109985e-02,5.690707206726074219e+00,-3.777043223381042480e-01,1.217980957031250000e+01,-4.452470242977142334e-01,1.847868919372558594e+01,-3.471015691757202148e-01,1.485065460205078125e+01,-3.595155179500579834e-01,1.102077102661132812e+01,-2.933530509471893311e-01,7.466605663299560547e+00,-1.071911305189132690e-01,4.083922386169433594e+00,-1.250487286597490311e-02,2.783113002777099609e+00,-6.777442060410976410e-03,7.341565489768981934e-01,8.527984470129013062e-02,1.164655804634094238e+00,1.948485821485519409e-01,3.055949926376342773e+00,1.748142242431640625e-01,1.939141869544982910e+00,1.290397793054580688e-01,1.397971153259277344e+00,1.601153314113616943e-01,1.462409496307373047e+00,6.264013797044754028e-02,5.386546254158020020e-04
-3.399198913574218750e+02,1.666943603515625000e+03,8.682242584228515625e+01,4.504056152343750000e+03,6.063763046264648438e+01,1.956733032226562500e+03,5.580048370361328125e+01,8.111751708984375000e+02,4.067552947998046875e+01,3.575867004394531250e+02,2.134941864013671875e+01,1.339359008789062500e+03,1.766043472290039062e+01,5.552285156250000000e+02,6.389422893524169922e+00,5.520630493164062500e+02,-1.378316020965576172e+01,4.451726684570312500e+02,-1.347234058380126953e+01,2.626628417968750000e+02,-1.047745323181152344e+01,6.647356414794921875e+01,-5.585848808288574219e+00,1.830425415039062500e+02,-1.355382728576660156e+01,2.850060844421386719e+01,3.598112344741821289e+00,5.125329971313476562e+01,4.932831287384033203e+00,2.289637603759765625e+02,4.054490566253662109e+00,9.726711273193359375e+01,2.693100690841674805e+00,3.605423736572265625e+01,1.536085009574890137e+00,2.051836585998535156e+01,5.879648327827453613e-01,5.808909606933593750e+01,-8.930303901433944702e-02,2.566906547546386719e+01,-4.391778111457824707e-01,2.300294876098632812e+01,-5.603542923927307129e-01,2.159057426452636719e+01,-5.174043774604797363e-01,1.187340354919433594e+01,-6.278304457664489746e-01,2.954248905181884766e+00,-7.336915135383605957e-01,1.015506744384765625e+01,-6.223726272583007812e-01,9.286156296730041504e-01,-6.964930891990661621e-01,1.166598224639892578e+01,-7.897837162017822266e-01,1.273805007934570312e+02,-5.459247827529907227e-01,3.461969375610351562e+01,-3.475961387157440186e-01,2.492583084106445312e+01,-4.359111562371253967e-02,8.690015792846679688e+00,1.399758309125900269e-01,2.394457435607910156e+01,1.389062702655792236e-01,4.965623855590820312e+00,7.799907773733139038e-02,1.948440361022949219e+01,1.735527068376541138e-02,1.066932487487792969e+01,7.012317888438701630e-03,7.715964317321777344e+00,-2.475629188120365143e-02,1.796456336975097656e+00,6.849647033959627151e-03,4.134753227233886719e+00,1.073321998119354248e-01,5.352157354354858398e-01,6.225308775901794434e-02,5.634654080495238304e-04
-4.077319335937500000e+02,1.407280395507812500e+03,-3.203854084014892578e+00,8.886054687500000000e+03,6.418608856201171875e+01,9.134094848632812500e+02,7.617083740234375000e+01,5.452819824218750000e+02,2.939821004867553711e+00,2.830911621093750000e+03,4.346531295776367188e+01,3.555435791015625000e+02,2.785494422912597656e+01,1.270413436889648438e+02,-7.605382919311523438e+00,2.779501342773437500e+02,9.874431610107421875e+00,2.134387054443359375e+02,2.628537178039550781e+00,2.740036010742187500e+02,-2.130816268920898438e+01,5.591644668579101562e+01,3.617882251739501953e+00,3.471473083496093750e+02,-1.185780906677246094e+01,1.008720169067382812e+02,-2.513927936553955078e+00,9.894477081298828125e+01,-7.449829101562500000e+00,2.751607971191406250e+02,-4.839757442474365234e+00,1.799916267395019531e+01,-3.772848367691040039e+00,2.124878311157226562e+01,-4.840682029724121094e+00,8.170189666748046875e+01,-2.339922904968261719e+00,1.067745208740234375e+01,-1.239644765853881836e+00,2.886607170104980469e+00,-1.538018703460693359e+00,9.234024047851562500e+00,8.993805199861526489e-02,4.689287662506103516e+00,1.163640499114990234e+00,6.433245182037353516e+00,4.487966895103454590e-01,2.562208414077758789e+00,1.347438454627990723e+00,9.480525970458984375e+00,1.559867978096008301e+00,1.675900936126708984e+00,-1.045858621597290039e+00,4.428642654418945312e+01,1.266173005104064941e+00,2.871495971679687500e+02,-1.118548437952995300e-01,9.509155273437500000e+00,-3.679899275302886963e-01,4.385424613952636719e+00,6.901550292968750000e-01,8.372929382324218750e+01,-1.040462926030158997e-01,6.430911540985107422e+00,-3.121781721711158752e-02,1.257057070732116699e+00,3.674414157867431641e-01,5.273122787475585938e+00,1.071469625458121300e-03,6.818149566650390625e+00,-5.052798986434936523e-02,8.597042083740234375e+00,3.272499442100524902e-01,6.252578496932983398e-01,-1.079003363847732544e-01,1.021566009521484375e+01,4.843349754810333252e-02,1.373987436294555664e+00,3.772078454494476318e-02,1.151268224930390716e-04
-2.889285888671875000e+02,1.670618408203125000e+03,1.202455902099609375e+02,1.973159423828125000e+03,7.304787445068359375e+01,3.982460632324218750e+02,2.998749160766601562e+01,4.937455139160156250e+02,1.059493446350097656e+01,7.329337158203125000e+02,1.451908683776855469e+01,3.200559082031250000e+02,2.460721969604492188e+01,5.135755157470703125e+01,2.184018325805664062e+01,2.474963378906250000e+01,5.386584281921386719e+00,2.925586509704589844e+01,-9.279036521911621094e+00,1.242609863281250000e+02,-1.102799129486083984e+01,9.448865509033203125e+01,-1.368532657623291016e+00,1.039792633056640625e+01,1.060467147827148438e+01,4.532408523559570312e+01,5.253965854644775391e+00,2.884959793090820312e+01,7.381786346435546875e+00,3.220498657226562500e+01,7.211962699890136719e+00,2.483655929565429688e+00,6.798244476318359375e+00,5.116312503814697266e+00,5.955891609191894531e+00,1.079918956756591797e+01,4.631558418273925781e+00,4.017841339111328125e+00,2.996994733810424805e+00,9.541971981525421143e-02,1.390531778335571289e+00,2.338261902332305908e-01,1.896650493144989014e-01,2.575428485870361328e-01,-4.325101971626281738e-01,2.061896085739135742e+00,-6.664292216300964355e-01,1.704483985900878906e+00,-8.499377369880676270e-01,8.506783097982406616e-02,-1.122554540634155273e+00,7.915685772895812988e-01,-6.017154216766357422e+00,8.515095710754394531e+00,-6.324697017669677734e+00,1.124101543426513672e+01,-1.565906763076782227e+00,4.172034740447998047e+00,2.416002988815307617e+00,4.020392417907714844e+00,3.628688812255859375e+00,4.527771949768066406e+00,2.195824146270751953e+00,2.280471086502075195e+00,6.315848976373672485e-02,6.238504648208618164e-01,-5.247183442115783691e-01,1.272820532321929932e-01,5.705380439758300781e-01,7.215637713670730591e-02,1.605144500732421875e+00,5.356485843658447266e-01,1.449879884719848633e+00,4.530176520347595215e-01,3.182106018066406250e-01,9.192226827144622803e-02,-9.771884083747863770e-01,2.663667798042297363e-01,8.326919376850128174e-02,2.469448954798281193e-04
-3.496007080078125000e+02,2.174291381835937500e+02,1.082714080810546875e+02,2.823334655761718750e+02,9.416368103027343750e+01,8.569978332519531250e+01,7.837998962402343750e+01,1.598145484924316406e+01,6.278759384155273438e+01,2.898634910583496094e+00,4.639286041259765625e+01,9.545138359069824219e+00,2.854001426696777344e+01,3.860223007202148438e+01,9.708926200866699219e+00,1.317802429199218750e+02,-6.483422279357910156e+00,2.844174194335937500e+02,-1.457782936096191406e+01,2.842269287109375000e+02,-1.420121002197265625e+01,1.278960189819335938e+02,-1.113920688629150391e+01,4.029612731933593750e+01,-9.446081161499023438e+00,1.418949699401855469e+01,4.145736694335937500e+00,2.422355413436889648e-01,5.089705944061279297e+00,3.005734384059906006e-01,3.320600032806396484e+00,7.730003446340560913e-02,1.593371391296386719e+00,9.594206698238849640e-03,3.934543132781982422e-01,4.222366027534008026e-03,-6.123651266098022461e-01,3.452745825052261353e-02,-1.976645708084106445e+00,1.060863286256790161e-01,-3.711121559143066406e+00,2.587352097034454346e-01,-5.073052406311035156e+00,4.576007127761840820e-01,-5.214763641357421875e+00,4.069303572177886963e-01,-4.107460021972656250e+00,1.541543155908584595e-01,-2.603161811828613281e+00,3.524163737893104553e-02,-1.517400264739990234e+00,1.130530796945095062e-02,-7.950063943862915039e-01,1.375692844390869141e+00,-8.601506352424621582e-01,1.999996423721313477e+00,-3.836309313774108887e-01,7.816838026046752930e-01,-8.232177793979644775e-02,1.703152358531951904e-01,1.111565679311752319e-01,1.356087252497673035e-02,3.283909857273101807e-01,2.187997847795486450e-02,5.524229407310485840e-01,2.523735165596008301e-01,8.418447375297546387e-01,9.811456203460693359e-01,1.116863250732421875e+00,1.951539635658264160e+00,1.034126162528991699e+00,2.046782255172729492e+00,5.826568007469177246e-01,1.166316270828247070e+00,2.175139188766479492e-01,4.234003424644470215e-01,1.196665167808532715e-01,1.503841280937194824e-01,6.728282570838928223e-02,1.054616222972981632e-04
-3.107549743652343750e+02,2.014470703125000000e+03,1.009875488281250000e+02,1.954071166992187500e+03,6.347426986694335938e+01,1.998557128906250000e+02,3.344797134399414062e+01,9.076135253906250000e+02,2.222552299499511719e+01,9.972859497070312500e+02,2.356127357482910156e+01,3.172388305664062500e+02,2.412342834472656250e+01,5.243254470825195312e+01,1.357535266876220703e+01,6.122564697265625000e+01,-4.056393146514892578e+00,2.856646423339843750e+02,-1.284513092041015625e+01,4.158630065917968750e+02,-5.827572345733642578e+00,9.781192016601562500e+01,5.860401630401611328e+00,2.048180389404296875e+02,9.633263587951660156e+00,3.569165954589843750e+02,1.219276666641235352e+00,1.508494110107421875e+02,2.084490537643432617e+00,1.468136138916015625e+02,2.782552480697631836e+00,2.506656646728515625e+00,3.118399620056152344e+00,4.041971588134765625e+01,2.772910118103027344e+00,5.472935485839843750e+01,1.947127938270568848e+00,1.771951866149902344e+01,1.080695271492004395e+00,1.601016402244567871e+00,5.162642002105712891e-01,3.944222211837768555e+00,2.148908972740173340e-01,2.693900108337402344e+01,-1.802004575729370117e-01,3.782208251953125000e+01,-8.463153243064880371e-01,6.963292598724365234e+00,-1.515736103057861328e+00,5.084719181060791016e+00,-1.838736176490783691e+00,1.439613246917724609e+01,-1.314737319946289062e+00,5.555807495117187500e+01,-1.474651217460632324e+00,5.213111877441406250e+01,-6.394037008285522461e-01,1.846724987030029297e+00,6.190294027328491211e-02,2.053464698791503906e+01,3.464889526367187500e-01,2.287392997741699219e+01,3.286167085170745850e-01,5.656696796417236328e+00,2.968621850013732910e-01,3.752190172672271729e-01,4.716404974460601807e-01,4.974106252193450928e-01,7.811535000801086426e-01,5.137024402618408203e+00,9.012700915336608887e-01,9.091784477233886719e+00,6.647092700004577637e-01,1.831548571586608887e+00,2.846670448780059814e-01,5.234845638275146484e+00,4.982270300388336182e-02,8.449767112731933594e+00,6.446080654859542847e-02,3.906871133949607611e-04
-3.464969787597656250e+02,4.154116699218750000e+03,1.182872543334960938e+02,4.632815917968750000e+03,5.067704772949218750e+01,7.792589721679687500e+02,1.820677185058593750e+01,1.044325805664062500e+03,1.305210113525390625e+01,7.550842895507812500e+02,1.621111488342285156e+01,3.266107482910156250e+02,1.725189018249511719e+01,2.602054748535156250e+02,4.660881042480468750e+00,1.984711303710937500e+02,-1.438270187377929688e+01,2.165680389404296875e+02,-2.198739051818847656e+01,3.377367858886718750e+02,-1.421437549591064453e+01,2.648744812011718750e+02,-3.223503112792968750e+00,3.731938171386718750e+02,1.758636593818664551e+00,1.970930786132812500e+02,-7.736814975738525391e+00,2.822048034667968750e+02,-9.913702011108398438e+00,2.471210174560546875e+02,-6.366414546966552734e+00,4.333222866058349609e+00,-2.875245332717895508e+00,7.094437408447265625e+01,-2.564847230911254883e+00,4.123674011230468750e+01,-3.008947610855102539e+00,5.480051040649414062e+00,-2.406777620315551758e+00,4.555495738983154297e+00,-1.659600138664245605e+00,4.636237144470214844e+00,-2.628661096096038818e-01,1.821009826660156250e+01,1.338654398918151855e+00,2.424310874938964844e+01,1.898841381072998047e+00,6.407520294189453125e+00,1.828214645385742188e+00,1.557082271575927734e+01,1.245473027229309082e+00,1.368558979034423828e+01,-1.803394913673400879e+00,6.030733871459960938e+01,-1.611738562583923340e+00,5.385731887817382812e+01,-1.257815510034561157e-01,5.960834980010986328e+00,4.589388370513916016e-01,4.002510833740234375e+01,3.336040973663330078e-01,2.943336296081542969e+01,-1.104033961892127991e-01,7.053977966308593750e+00,-2.992073297500610352e-01,4.478382587432861328e+00,1.675959378480911255e-01,1.520115375518798828e+00,6.174360513687133789e-01,2.916131258010864258e+00,5.596345067024230957e-01,5.281944274902343750e+00,3.319564759731292725e-01,4.231848716735839844e+00,8.635552972555160522e-02,9.545166969299316406e+00,-2.327825427055358887e-01,6.355926513671875000e+00,5.650528892874717712e-02,9.706308483146131039e-04
-3.632972106933593750e+02,4.163189697265625000e+02,6.743762207031250000e+01,7.572209472656250000e+02,6.281185913085937500e+01,6.178237915039062500e+02,5.692247390747070312e+01,4.848338317871093750e+02,4.876220703125000000e+01,3.210321960449218750e+02,3.822458267211914062e+01,1.530191650390625000e+02,2.764383506774902344e+01,5.605675888061523438e+01,1.811142539978027344e+01,1.658082389831542969e+01,8.551508903503417969e+00,1.520550823211669922e+01,-5.618131756782531738e-01,5.227030563354492188e+01,-7.148087978363037109e+00,8.251926422119140625e+01,-1.130242633819580078e+01,8.695531463623046875e+01,-1.463724899291992188e+01,9.342282867431640625e+01,6.274984359741210938e+00,6.874557018280029297e+00,8.575734138488769531e+00,1.246820163726806641e+01,7.848194599151611328e+00,1.031560611724853516e+01,6.867280960083007812e+00,8.600112915039062500e+00,5.552034854888916016e+00,6.189632415771484375e+00,3.933469772338867188e+00,3.236393690109252930e+00,2.323621511459350586e+00,1.367098450660705566e+00,8.895820975303649902e-01,5.010136961936950684e-01,-4.536130428314208984e-01,3.683254122734069824e-02,-1.622404217720031738e+00,1.731206923723220825e-01,-2.365423202514648438e+00,5.625069737434387207e-01,-2.696100473403930664e+00,7.675051689147949219e-01,-2.811693906784057617e+00,1.092717051506042480e+00,-1.465848565101623535e+00,5.616929531097412109e+00,-1.974754452705383301e+00,9.956271171569824219e+00,-1.795864939689636230e+00,7.871683597564697266e+00,-1.637127518653869629e+00,6.302404880523681641e+00,-1.385832786560058594e+00,4.169179439544677734e+00,-9.995731711387634277e-01,1.757118105888366699e+00,-6.439232826232910156e-01,5.218394398689270020e-01,-3.779941499233245850e-01,1.561960577964782715e-01,-7.532549649477005005e-02,2.112157344818115234e-01,2.524128854274749756e-01,8.148596286773681641e-01,4.450174868106842041e-01,1.252086043357849121e+00,5.195112228393554688e-01,1.212117195129394531e+00,6.173293590545654297e-01,1.301635384559631348e+00,5.858080089092254639e-02,2.352529554627835751e-04
-3.665141296386718750e+02,7.786094360351562500e+02,6.024901580810546875e+01,2.157029052734375000e+03,5.668788528442382812e+01,1.172837524414062500e+03,5.580130767822265625e+01,6.193011474609375000e+02,3.793500137329101562e+01,5.832860717773437500e+02,2.672515869140625000e+01,3.397485656738281250e+02,1.575925350189208984e+01,1.122335586547851562e+02,8.412262916564941406e+00,9.526399993896484375e+01,1.235629200935363770e+00,3.228919982910156250e+02,-7.163632392883300781e+00,1.120867080688476562e+02,-8.857165575027465820e-01,6.805609893798828125e+01,-8.416543602943420410e-01,7.730887603759765625e+01,-8.340289115905761719e+00,1.038889408111572266e+01,5.866162776947021484e+00,3.194507789611816406e+01,1.247156739234924316e+00,1.566407165527343750e+02,6.115840911865234375e+00,5.842548370361328125e+01,4.910592079162597656e+00,3.484160614013671875e+01,7.361422777175903320e-01,4.737213516235351562e+01,6.244030952453613281e+00,2.480599641799926758e+00,2.628146648406982422e+00,5.424857735633850098e-01,3.759212195873260498e-01,1.943394988775253296e-01,4.354109287261962891e+00,1.187492084503173828e+01,9.655472636222839355e-01,3.901664018630981445e+00,3.862237930297851562e-01,3.155272006988525391e+00,2.005397319793701172e+00,4.112797737121582031e+00,-2.728056609630584717e-01,1.958273351192474365e-01,-2.293375015258789062e+00,1.234330558776855469e+01,-5.159380912780761719e+00,5.367312240600585938e+01,-3.066965103149414062e+00,2.358223152160644531e+01,-2.394498109817504883e+00,1.176244258880615234e+01,-2.848664999008178711e+00,1.437885570526123047e+01,-3.631223142147064209e-01,2.621800661087036133e+00,-1.340824067592620850e-01,6.558877229690551758e-01,-6.490971427410840988e-03,3.129499852657318115e-01,1.387871146202087402e+00,4.425817966461181641e+00,7.920330762863159180e-01,2.024251222610473633e+00,7.073820829391479492e-01,1.347061395645141602e+00,8.255782127380371094e-01,1.171664595603942871e+00,1.907116323709487915e-01,1.668742895126342773e-01,4.768983647227287292e-02,3.596416208893060684e-04
-3.003782958984375000e+02,1.564384765625000000e+02,1.309437465667724609e+01,5.281150878906250000e+03,4.950871276855468750e+01,4.239675903320312500e+02,5.554676818847656250e+01,1.662418060302734375e+02,1.104201507568359375e+01,2.452047851562500000e+03,3.594894409179687500e+01,1.641851997375488281e+01,2.174707031250000000e+01,1.661987152099609375e+02,-1.526777029037475586e+00,4.402799072265625000e+02,1.164652252197265625e+01,7.358232116699218750e+01,-2.056385040283203125e+00,4.479973983764648438e+01,-1.627001190185546875e+01,3.772035598754882812e+01,-3.303196907043457031e+00,2.633931579589843750e+02,-1.548107242584228516e+01,7.714131927490234375e+01,-2.948376655578613281e+00,1.323432207107543945e+00,1.681415557861328125e+01,8.401097106933593750e+01,4.738639354705810547e+00,5.937882423400878906e+00,2.520092010498046875e+00,5.190958023071289062e+00,1.159247970581054688e+01,3.853874969482421875e+01,4.519890248775482178e-01,5.488566756248474121e-01,2.794058799743652344e+00,4.112608909606933594e+00,4.720529556274414062e+00,4.576163291931152344e+00,-1.367482900619506836e+00,1.760568737983703613e+00,-1.474360823631286621e-01,1.056827545166015625e+00,9.862486720085144043e-01,1.991729974746704102e+00,-3.088106870651245117e+00,6.453967571258544922e+00,-9.547085165977478027e-01,3.307581901550292969e+00,-1.653489619493484497e-01,1.418770432472229004e+00,-7.078999876976013184e-01,6.421054840087890625e+01,-1.346944123506546021e-01,4.979907989501953125e+00,-4.064062237739562988e-01,2.197661399841308594e+00,-4.880328774452209473e-01,2.952552604675292969e+01,2.395393252372741699e-01,1.394596248865127563e-01,-3.695378899574279785e-01,1.951642990112304688e+00,1.811183094978332520e-01,5.277101516723632812e+00,1.822512149810791016e-01,1.402082800865173340e+00,9.633978456258773804e-02,1.486168622970581055e+00,4.533288180828094482e-01,2.894012331962585449e-01,2.924898564815521240e-01,4.808270454406738281e+00,2.990642786026000977e-01,2.025520086288452148e+00,6.587892025709152222e-02,3.159306652378290892e-04
-5.625065917968750000e+02,1.710859527587890625e+02,1.133604354858398438e+02,5.258005142211914062e+01,1.004554138183593750e+02,9.709341049194335938e+00,9.795556640625000000e+01,6.643509674072265625e+01,7.004260253906250000e+01,6.412387847900390625e+00,4.979078292846679688e+01,4.067180633544921875e+00,3.591148757934570312e+01,1.022504210472106934e+00,1.196700763702392578e+01,3.203773117065429688e+01,-4.034852504730224609e+00,9.586010742187500000e+01,-1.264302730560302734e+01,6.268338012695312500e+01,-1.180949115753173828e+01,1.878895950317382812e+01,-1.046637058258056641e+01,1.360744190216064453e+01,-1.760106849670410156e+01,3.430430984497070312e+01,2.786345243453979492e+00,1.056454777717590332e-01,2.512104034423828125e+00,1.380165666341781616e-02,1.043737530708312988e+00,2.909724367782473564e-03,1.763551592826843262e+00,4.057012870907783508e-02,9.988957047462463379e-01,5.979117122478783131e-04,-7.724961638450622559e-01,5.510280025191605091e-04,-2.834698855876922607e-01,4.698981065303087234e-04,-1.349009871482849121e+00,1.804256439208984375e-02,-3.226081132888793945e+00,3.038237430155277252e-02,-2.289566993713378906e+00,2.730338089168071747e-02,-1.509595394134521484e+00,4.818564746528863907e-03,-1.444277405738830566e+00,1.418306492269039154e-03,-1.533868193626403809e+00,1.739667356014251709e-02,-9.100222587585449219e-01,3.248446881771087646e-01,-2.870155870914459229e-01,2.604002058506011963e-01,-1.361690908670425415e-01,4.497864842414855957e-02,-5.633795261383056641e-01,1.300428509712219238e-01,-6.202995777130126953e-03,4.109226539731025696e-02,4.010730236768722534e-02,2.458585798740386963e-02,-5.882307887077331543e-02,3.330620005726814270e-03,3.728621900081634521e-01,7.580403238534927368e-02,4.453358948230743408e-01,4.298397302627563477e-01,4.452627003192901611e-01,2.171095609664916992e-01,1.684992313385009766e-01,9.402614831924438477e-02,-3.821445629000663757e-02,8.591403812170028687e-02,3.621251583099365234e-01,9.770268201828002930e-02,2.724151313304901123e-02,1.010710911941714585e-05
-3.059641113281250000e+02,2.580232421875000000e+03,7.237358093261718750e+01,3.128289062500000000e+03,4.409578704833984375e+01,9.367869873046875000e+02,3.732489013671875000e+01,5.844598999023437500e+02,2.712458610534667969e+01,6.976202392578125000e+02,2.192538642883300781e+01,2.957827453613281250e+02,1.980448913574218750e+01,1.495032653808593750e+02,5.057278156280517578e+00,2.095173950195312500e+02,-4.310519218444824219e+00,2.700620422363281250e+02,-3.031006813049316406e+00,1.844510192871093750e+02,1.162423729896545410e+00,3.625587844848632812e+01,4.058982849121093750e+00,1.083117599487304688e+02,7.074960470199584961e-01,1.822250061035156250e+02,-5.416691899299621582e-01,2.053592529296875000e+02,5.290632843971252441e-01,2.483504638671875000e+02,5.306359529495239258e-01,6.781976318359375000e+01,-5.615838766098022461e-01,4.319976806640625000e+01,5.252110362052917480e-01,4.395541381835937500e+01,5.739759802818298340e-01,2.074076461791992188e+01,-3.764687478542327881e-01,6.093819141387939453e+00,4.301246702671051025e-01,7.320334911346435547e+00,3.778025209903717041e-01,1.566286659240722656e+01,-2.355270385742187500e-01,1.151793384552001953e+01,2.184020727872848511e-01,7.094321250915527344e-01,6.754243373870849609e-02,6.704400539398193359e+00,-1.971842050552368164e-01,1.004148578643798828e+01,-6.199146509170532227e-01,2.989009094238281250e+01,-7.103571295738220215e-01,3.571276855468750000e+01,-6.882113218307495117e-01,1.531452655792236328e+01,-6.713833212852478027e-01,1.442893123626708984e+01,-4.782105684280395508e-01,9.603154182434082031e+00,-4.389967620372772217e-01,2.605871200561523438e+00,-3.978547453880310059e-01,3.677378416061401367e+00,-2.297931611537933350e-01,8.137479782104492188e+00,-2.461051940917968750e-01,7.566196918487548828e+00,-1.712223738431930542e-01,3.952023267745971680e+00,-8.431065082550048828e-02,9.590755701065063477e-01,-1.384829282760620117e-01,3.106575489044189453e+00,-6.205967068672180176e-02,4.940146446228027344e+00,5.635461956262588501e-02,9.691314189694821835e-04
-3.340063171386718750e+02,1.298582031250000000e+03,8.486871337890625000e+01,1.558895019531250000e+03,6.270256423950195312e+01,6.113167114257812500e+02,4.673312377929687500e+01,3.979093933105468750e+02,3.489298629760742188e+01,3.473417358398437500e+02,2.447608947753906250e+01,2.573141479492187500e+02,1.713288688659667969e+01,1.546643829345703125e+02,7.123335361480712891e+00,1.035976791381835938e+02,-6.414848327636718750e+00,2.405628662109375000e+02,-1.213227367401123047e+01,2.503629150390625000e+02,-8.423144340515136719e+00,1.017220001220703125e+02,-5.736649036407470703e+00,4.935996627807617188e+01,-4.667529106140136719e+00,2.089304161071777344e+01,5.420878410339355469e+00,8.446099853515625000e+01,7.192440032958984375e+00,9.435649108886718750e+01,6.316038131713867188e+00,1.685368728637695312e+01,5.613816261291503906e+00,7.961265444755554199e-01,4.859754562377929688e+00,1.131871104240417480e+00,3.916129350662231445e+00,3.198749303817749023e+00,2.943194627761840820e+00,2.556625843048095703e+00,1.833982467651367188e+00,4.523314476013183594e+00,7.122465372085571289e-01,1.821339225769042969e+01,1.307860314846038818e-01,2.124329376220703125e+01,4.293052107095718384e-02,7.276583194732666016e+00,-1.303892135620117188e-01,2.067927598953247070e+00,-3.909499645233154297e-01,3.230758309364318848e-01,-1.228777766227722168e+00,2.808287429809570312e+01,-1.384363055229187012e+00,2.944610977172851562e+01,-7.945046424865722656e-01,6.286585807800292969e+00,-4.762047827243804932e-01,2.063299417495727539e+00,-2.573428153991699219e-01,2.321352481842041016e+00,-2.525029145181179047e-02,2.746365308761596680e+00,1.181932240724563599e-01,1.376667618751525879e+00,3.424267172813415527e-01,1.471182823181152344e+00,6.393716931343078613e-01,6.657490730285644531e+00,6.101214289665222168e-01,7.609970092773437500e+00,3.031941950321197510e-01,2.937759399414062500e+00,1.665667593479156494e-01,1.476594924926757812e+00,1.584617942571640015e-01,5.033948421478271484e-01,7.692324370145797729e-02,9.935247944667935371e-04
-4.757149658203125000e+02,1.011425018310546875e+02,1.178989486694335938e+02,2.290060043334960938e+01,1.024490509033203125e+02,1.637609481811523438e+01,9.200021362304687500e+01,2.236614608764648438e+01,6.872108459472656250e+01,1.037371158599853516e+00,4.902873992919921875e+01,1.297181320190429688e+01,3.085225296020507812e+01,7.821749210357666016e+00,1.088390350341796875e+01,3.216942977905273438e+01,-4.178183078765869141e+00,1.211820678710937500e+02,-1.342292785644531250e+01,1.878939666748046875e+02,-9.609694480895996094e+00,6.966857910156250000e+01,-8.396501541137695312e+00,5.124390411376953125e+01,-1.482475852966308594e+01,1.158617019653320312e+02,-2.910189330577850342e-01,1.513382643461227417e-01,-1.352550983428955078e+00,6.347079761326313019e-03,-1.608289003372192383e+00,1.620293781161308289e-02,-6.366620957851409912e-02,6.116580218076705933e-02,3.836442232131958008e-01,1.593242399394512177e-03,-1.956511884927749634e-01,6.978910416364669800e-02,-2.848009765148162842e-01,4.093648865818977356e-02,-1.130985975265502930e+00,4.548038914799690247e-02,-3.181568622589111328e+00,1.147424280643463135e-01,-4.064023494720458984e+00,2.793692350387573242e-01,-3.204278230667114258e+00,8.447864651679992676e-02,-3.016646146774291992e+00,3.260647505521774292e-02,-3.303488731384277344e+00,1.762683093547821045e-01,-6.986920833587646484e-01,2.127248421311378479e-02,6.686814129352569580e-03,7.952044159173965454e-02,1.653845608234405518e-01,1.679134219884872437e-01,-4.450583457946777344e-01,8.570220321416854858e-03,-6.102091819047927856e-02,9.494055993854999542e-03,-4.752849042415618896e-01,1.151376403868198395e-02,-3.632158637046813965e-01,1.036444026976823807e-02,3.699157238006591797e-01,1.215937286615371704e-01,5.306020975112915039e-01,8.034238815307617188e-01,8.690092563629150391e-01,1.268846631050109863e+00,4.176086783409118652e-01,6.765233278274536133e-01,1.231217831373214722e-01,5.564879775047302246e-01,6.863807439804077148e-01,8.216717243194580078e-01,4.149987176060676575e-02,1.135594538936857134e-05
-3.440324707031250000e+02,1.846084716796875000e+03,8.203955078125000000e+01,2.844629150390625000e+03,4.598073196411132812e+01,9.281847534179687500e+02,3.934589385986328125e+01,5.598725585937500000e+02,2.775773429870605469e+01,8.480701293945312500e+02,2.511374664306640625e+01,3.971980590820312500e+02,2.561550331115722656e+01,5.768087387084960938e+01,4.295920848846435547e+00,1.665038299560546875e+02,-7.709784984588623047e+00,1.979559173583984375e+02,-4.318279743194580078e+00,1.852491149902343750e+02,-2.031320095062255859e+00,7.864273834228515625e+01,-1.835146844387054443e-01,1.003125076293945312e+02,-2.076685905456542969e+00,1.893394012451171875e+02,3.052892923355102539e+00,1.454140625000000000e+02,7.433410644531250000e+00,1.595202484130859375e+02,6.942965507507324219e+00,4.722977638244628906e+00,3.810433864593505859e+00,1.405719089508056641e+01,5.901514053344726562e+00,8.293481826782226562e+00,4.666639328002929688e+00,3.542409658432006836e+00,1.083368659019470215e+00,8.771322369575500488e-01,2.360316991806030273e+00,9.641947150230407715e-01,1.182130575180053711e+00,1.079171276092529297e+01,-9.688627123832702637e-01,1.022088718414306641e+01,4.172606859356164932e-03,3.296215057373046875e+00,-9.202215075492858887e-01,5.550061702728271484e+00,-1.999578118324279785e+00,3.837536096572875977e+00,-9.117696881294250488e-01,5.604023742675781250e+01,-1.119107723236083984e+00,6.536136627197265625e+01,-5.804744958877563477e-01,7.388399124145507812e+00,-5.463284626603126526e-02,9.020102500915527344e+00,-1.691900342702865601e-01,4.032401084899902344e+00,-2.431036382913589478e-01,9.884724020957946777e-01,1.397732179611921310e-02,1.180230021476745605e+00,9.399890899658203125e-03,2.503996849060058594e+00,6.167225539684295654e-02,5.938751220703125000e+00,2.707770466804504395e-01,4.658311843872070312e+00,-8.440256118774414062e-03,2.082598924636840820e+00,-1.997604519128799438e-01,2.307930946350097656e+00,-6.514715403318405151e-02,2.773261070251464844e+00,6.163806840777397156e-02,5.743862129747867584e-04
-3.386983032226562500e+02,5.621805419921875000e+02,3.555930709838867188e+01,8.324044921875000000e+03,4.523709869384765625e+01,2.276999267578125000e+03,7.109725952148437500e+01,5.315294189453125000e+02,3.563383102416992188e+01,1.667069213867187500e+03,2.716122055053710938e+01,1.340725952148437500e+03,2.756431007385253906e+01,3.355143127441406250e+02,1.450062847137451172e+01,5.797991943359375000e+02,-6.123214721679687500e+00,1.420451202392578125e+02,-7.050408363342285156e+00,3.718451843261718750e+02,-2.202158546447753906e+01,1.736706848144531250e+02,-8.128537178039550781e+00,4.195842590332031250e+02,-1.623319625854492188e+01,7.417616271972656250e+01,5.394827723503112793e-01,6.996089935302734375e+00,-1.538077831268310547e+01,6.272434616088867188e+01,-4.792010784149169922e+00,6.477700805664062500e+01,1.782928824424743652e+00,1.348743152618408203e+01,-5.831833839416503906e+00,6.556420898437500000e+01,-2.654102563858032227e+00,4.277021026611328125e+01,-7.875996828079223633e-01,1.404776859283447266e+01,-2.555187940597534180e+00,2.379702758789062500e+01,3.537535667419433594e-01,3.122418642044067383e+00,2.836918115615844727e+00,1.985312342643737793e+00,9.394071698188781738e-01,6.702030658721923828e+00,3.207453012466430664e+00,3.031199693679809570e+00,1.071751475334167480e+00,8.331642150878906250e-01,-4.747743010520935059e-01,5.474291324615478516e+00,-1.053438544273376465e+00,1.203398818969726562e+02,-6.420326232910156250e-01,6.466938781738281250e+01,-4.331254214048385620e-02,5.764590740203857422e+00,-7.965921759605407715e-01,1.814335632324218750e+01,-1.059542536735534668e+00,4.918101119995117188e+01,-1.381676793098449707e-01,6.534884452819824219e+00,2.353018969297409058e-01,1.648677253723144531e+01,1.191066130995750427e-01,2.601602077484130859e+00,1.221247389912605286e-01,6.263964176177978516e+00,1.472400873899459839e-01,5.222526550292968750e+00,1.435493677854537964e-01,5.387264251708984375e+00,1.402814090251922607e-01,1.189504265785217285e+00,5.856402590870857239e-02,3.179127525072544813e-04
-3.864258422851562500e+02,1.536381469726562500e+03,7.743666839599609375e+01,3.161961669921875000e+03,5.766140747070312500e+01,1.341150390625000000e+03,4.596994018554687500e+01,6.859584960937500000e+02,2.706825828552246094e+01,5.108686523437500000e+02,1.776682662963867188e+01,5.133374633789062500e+02,2.150802993774414062e+01,3.258019104003906250e+02,7.828072071075439453e+00,9.616386413574218750e+01,-4.686820030212402344e+00,1.129816970825195312e+02,-8.856628417968750000e+00,2.548432922363281250e+02,-1.362783622741699219e+01,1.812667999267578125e+02,-1.275696754455566406e+01,1.407279510498046875e+02,-1.136151885986328125e+01,8.730761718750000000e+01,3.366903305053710938e+00,8.781279754638671875e+01,5.021862506866455078e+00,1.842811279296875000e+02,4.781854152679443359e+00,5.114196777343750000e+01,4.599299430847167969e+00,2.782034158706665039e+00,3.335890531539916992e+00,5.193129062652587891e+00,3.638768911361694336e+00,2.297150135040283203e+00,2.327007532119750977e+00,7.339889526367187500e+00,1.359521985054016113e+00,1.287255048751831055e+00,1.520465016365051270e+00,6.481493473052978516e+00,7.774134874343872070e-01,1.519230175018310547e+01,-5.888785123825073242e-01,8.610639572143554688e+00,-9.151310473680496216e-02,8.195508956909179688e+00,-4.940091073513031006e-01,2.155735254287719727e+00,-2.731093168258666992e-01,3.837674331665039062e+01,-8.582312464714050293e-01,7.497609710693359375e+01,-5.861607789993286133e-01,3.205421066284179688e+01,-2.311365604400634766e-01,7.863978862762451172e+00,-4.691980779170989990e-01,6.187479496002197266e+00,-1.798841059207916260e-01,1.683765172958374023e+00,1.660850495100021362e-01,3.677333116531372070e+00,-1.281484216451644897e-01,5.679855942726135254e-01,2.386685609817504883e-01,1.422316670417785645e+00,4.057641029357910156e-01,3.110013484954833984e+00,9.167842566967010498e-02,4.503483772277832031e+00,3.845688700675964355e-01,2.610334634780883789e+00,3.250814080238342285e-01,2.400775194168090820e+00,4.715773463249206543e-02,4.376423021312803030e-04
-3.790384216308593750e+02,1.357606445312500000e+03,2.182179832458496094e+01,6.958736328125000000e+03,4.638276672363281250e+01,8.206102905273437500e+02,5.684181213378906250e+01,2.623945007324218750e+02,8.192957878112792969e+00,2.230049804687500000e+03,3.135936737060546875e+01,1.081286087036132812e+02,1.970624351501464844e+01,1.214220123291015625e+02,-9.627141952514648438e+00,4.470565185546875000e+02,3.890899181365966797e+00,5.523668212890625000e+02,2.987900972366333008e-01,2.780575561523437500e+02,-8.687708854675292969e+00,1.251564559936523438e+02,8.963590621948242188e+00,1.549530792236328125e+02,-1.628876447677612305e+00,4.189788818359375000e+01,-4.335949420928955078e+00,1.862627410888671875e+01,3.565400362014770508e+00,3.658997802734375000e+02,-1.893432021141052246e+00,4.127803421020507812e+01,-1.641380429267883301e+00,4.991051197052001953e+00,1.059571266174316406e+00,1.132383499145507812e+02,-1.613724589347839355e+00,7.352087974548339844e+00,-1.787868738174438477e-01,5.531344890594482422e+00,-5.512735843658447266e-01,2.970446777343750000e+01,-6.245019435882568359e-01,2.580219459533691406e+01,-2.776012420654296875e-01,1.439472293853759766e+01,-3.495772480964660645e-01,4.296770095825195312e+00,-1.030240178108215332e+00,5.450377941131591797e+00,5.288857221603393555e-01,1.881719827651977539e+00,-2.293087393045425415e-01,1.415452957153320312e+01,1.465068459510803223e-01,1.308479156494140625e+02,-2.259277254343032837e-01,1.238120937347412109e+01,-1.162551939487457275e-01,4.965959548950195312e+00,2.306823432445526123e-01,3.731074142456054688e+01,-3.040566444396972656e-01,1.888419628143310547e+00,5.519424006342887878e-02,1.860888361930847168e+00,2.172844558954238892e-01,8.357296943664550781e+00,-1.821484863758087158e-01,1.251468849182128906e+01,1.068228557705879211e-01,5.036106109619140625e+00,1.602366268634796143e-01,3.359879493713378906e+00,1.145946979522705078e-02,2.453907728195190430e+00,3.305492922663688660e-02,1.263734936714172363e+00,4.057010263204574585e-02,2.083979052258655429e-04
-3.195137023925781250e+02,3.682920898437500000e+03,1.029714965820312500e+02,3.950458740234375000e+03,5.336227416992187500e+01,9.268290405273437500e+02,3.027103614807128906e+01,5.822832641601562500e+02,2.780317687988281250e+01,5.726445922851562500e+02,2.060710716247558594e+01,2.114527435302734375e+02,7.254049777984619141e+00,2.346834564208984375e+01,-7.110285282135009766e+00,7.310779571533203125e+01,-1.942274284362792969e+01,2.727288513183593750e+02,-1.654137229919433594e+01,1.958596954345703125e+02,3.395591974258422852e+00,3.970445632934570312e+01,1.579587650299072266e+01,2.302671356201171875e+02,8.512151718139648438e+00,1.764576873779296875e+02,1.580962467193603516e+01,4.880165481567382812e+01,1.821994400024414062e+01,4.721991348266601562e+01,1.146960544586181641e+01,4.842768669128417969e+00,9.008777618408203125e+00,4.676462650299072266e+00,8.456080436706542969e+00,2.842654466629028320e+00,5.408930301666259766e+00,7.930428981781005859e-01,1.235653042793273926e+00,1.025388464331626892e-01,-1.697977423667907715e+00,2.445492148399353027e-01,-3.316384315490722656e+00,3.058634996414184570e+00,-2.930212974548339844e+00,1.884287834167480469e+00,-7.468598484992980957e-01,1.619757771492004395e+00,1.818895339965820312e-02,9.447916984558105469e+00,-1.445347189903259277e+00,5.343037128448486328e+00,-4.262725353240966797e+00,5.435325241088867188e+01,-4.157141685485839844e+00,5.298188400268554688e+01,-7.543168067932128906e-01,5.783102512359619141e+00,9.642187952995300293e-01,3.089076280593872070e+00,7.852786183357238770e-01,5.211111545562744141e+00,1.282426863908767700e-01,2.098585367202758789e+00,-2.034720033407211304e-01,2.020894736051559448e-02,2.271039336919784546e-01,1.188337326049804688e+00,1.096122622489929199e+00,4.359076976776123047e+00,9.159412980079650879e-01,2.853200197219848633e+00,-7.076023221015930176e-01,5.273783802986145020e-01,-1.937282681465148926e+00,3.443684577941894531e+00,-1.547875285148620605e+00,2.048224687576293945e+00,5.487359687685966492e-02,7.458547479473054409e-04
-3.859217224121093750e+02,2.698399353027343750e+02,1.066751098632812500e+02,2.369222412109375000e+03,1.006757888793945312e+02,2.606542663574218750e+02,7.991363525390625000e+01,1.251569390296936035e+00,4.303987503051757812e+01,3.477607421875000000e+02,3.259244918823242188e+01,2.003058013916015625e+02,1.633355712890625000e+01,1.490497894287109375e+02,-8.446585536003112793e-01,6.322213745117187500e+01,-2.577753782272338867e+00,1.384364471435546875e+02,-1.115792751312255859e+01,8.623542022705078125e+01,-1.987192344665527344e+01,3.901093292236328125e+01,-1.721448135375976562e+01,1.653780670166015625e+02,-1.673354530334472656e+01,7.629456329345703125e+01,4.047918796539306641e+00,2.769042015075683594e+00,-9.805815696716308594e+00,8.628197479248046875e+01,-1.790871739387512207e+00,9.855172157287597656e+00,3.073469698429107666e-01,4.034852143377065659e-03,-6.818157196044921875e+00,3.600675344467163086e+00,2.331217080354690552e-01,7.881513595581054688e+00,8.591707795858383179e-02,6.245788574218750000e+00,-2.643738985061645508e+00,8.045069575309753418e-01,2.136574506759643555e+00,6.086435317993164062e+00,1.565401077270507812e+00,3.409999847412109375e+00,-7.441163063049316406e-03,1.446167349815368652e+00,2.797307252883911133e+00,5.520751953125000000e+00,1.942769646644592285e+00,2.228244543075561523e+00,-1.194697022438049316e+00,2.299213647842407227e+00,-5.605218410491943359e+00,2.725834083557128906e+01,-2.011691331863403320e+00,3.185787439346313477e+00,2.448780275881290436e-02,3.295569913461804390e-03,-7.429301142692565918e-01,2.623971223831176758e+00,1.775533795356750488e+00,2.889802217483520508e+00,1.589810013771057129e+00,2.178348541259765625e+00,5.132572054862976074e-01,6.403728127479553223e-01,1.466178059577941895e+00,2.013558626174926758e+00,1.145374655723571777e+00,1.246668338775634766e+00,7.899810671806335449e-01,4.797721803188323975e-01,1.466015338897705078e+00,2.071001768112182617e+00,9.487002491950988770e-01,9.420423507690429688e-01,6.348390877246856689e-02,1.110723242163658142e-04
-3.279433898925781250e+02,2.333770904541015625e+02,1.686858940124511719e+01,1.002856738281250000e+04,5.212893295288085938e+01,3.977677917480468750e+02,7.587859344482421875e+01,4.696315002441406250e+02,2.047360610961914062e+01,4.965843261718750000e+03,3.091230583190917969e+01,9.411108398437500000e+01,6.550433158874511719e+00,2.753673706054687500e+02,-1.322916698455810547e+01,3.882481994628906250e+02,2.912861585617065430e+00,1.773409881591796875e+02,-1.400860214233398438e+01,4.157030944824218750e+02,-3.119232559204101562e+01,5.758338165283203125e+01,-2.580021858215332031e+00,4.162185974121093750e+02,-1.735146522521972656e+01,6.574381256103515625e+01,-1.746883988380432129e+00,9.556993484497070312e+00,2.318199157714843750e+01,1.507601318359375000e+02,4.442172050476074219e+00,5.755479931831359863e-01,4.585597991943359375e+00,1.276906871795654297e+01,1.560464954376220703e+01,8.091793823242187500e+01,-4.861242473125457764e-01,4.661625385284423828e+00,5.967800617218017578e-01,5.497983455657958984e+00,4.992845535278320312e+00,5.899380207061767578e+00,-2.263630390167236328e+00,5.170777320861816406e+00,-3.539110660552978516e+00,1.144325733184814453e+01,8.958121538162231445e-01,3.380363464355468750e+00,-4.619659423828125000e+00,8.814876556396484375e+00,-1.464736580848693848e+00,1.106548786163330078e+00,-1.141190290451049805e+00,2.211720705032348633e+00,-7.850704193115234375e-01,1.240887832641601562e+02,6.375995278358459473e-01,2.117961406707763672e+00,-7.277242541313171387e-01,5.389855384826660156e+00,-8.527565002441406250e-01,6.998445129394531250e+01,5.104322433471679688e-01,2.497710466384887695e+00,6.285914182662963867e-01,6.519115924835205078e+00,3.996075391769409180e-01,3.506204843521118164e+00,2.160186916589736938e-01,3.457741975784301758e+00,6.002976298332214355e-01,8.176185607910156250e+00,5.264624953269958496e-01,9.793838858604431152e-01,3.834228217601776123e-01,5.650215148925781250e+00,1.144745498895645142e-01,1.222798943519592285e+00,6.943945586681365967e-02,3.580146876629441977e-04
-3.582041931152343750e+02,7.328972778320312500e+02,8.411876678466796875e+01,1.021734191894531250e+03,6.977374267578125000e+01,5.458429565429687500e+02,5.870901489257812500e+01,3.640812072753906250e+02,4.662775802612304688e+01,2.246878662109375000e+02,3.087200927734375000e+01,1.518418426513671875e+02,1.659461975097656250e+01,1.741517639160156250e+02,4.880392074584960938e+00,2.029524536132812500e+02,-4.069629669189453125e+00,2.356642150878906250e+02,-5.287821292877197266e+00,1.159710464477539062e+02,-1.110041737556457520e+00,6.576798248291015625e+01,-8.573734164237976074e-01,8.091497039794921875e+01,-3.407322168350219727e+00,4.532809448242187500e+01,-1.681766867637634277e+00,5.044087982177734375e+01,-2.392199754714965820e+00,7.448947143554687500e+01,-2.375413894653320312e+00,4.107098007202148438e+01,-2.253160476684570312e+00,2.485662460327148438e+01,-2.041831731796264648e+00,1.302625179290771484e+01,-1.793969988822937012e+00,5.459326267242431641e+00,-1.538002014160156250e+00,4.207166194915771484e+00,-1.292809247970581055e+00,4.504203796386718750e+00,-1.047308921813964844e+00,6.843463897705078125e+00,-7.585673332214355469e-01,4.621587276458740234e+00,-4.472049772739410400e-01,4.093182086944580078e+00,-2.114574462175369263e-01,4.249401569366455078e+00,-8.979392051696777344e-02,2.681747436523437500e+00,-6.717094182968139648e-01,6.836398601531982422e+00,-8.734303712844848633e-01,8.897782325744628906e+00,-7.018714547157287598e-01,5.046424388885498047e+00,-5.193405747413635254e-01,3.426812410354614258e+00,-3.387830257415771484e-01,2.689433813095092773e+00,-1.491672098636627197e-01,3.444545507431030273e+00,3.687183931469917297e-02,3.992410659790039062e+00,2.037836611270904541e-01,3.294019222259521484e+00,3.181464970111846924e-01,2.900949716567993164e+00,3.263800740242004395e-01,1.332603812217712402e+00,2.401837110519409180e-01,1.639829516410827637e+00,1.500641107559204102e-01,1.860379457473754883e+00,1.019135564565658569e-01,1.003000974655151367e+00,5.871628597378730774e-02,5.609264480881392956e-04
-3.804130249023437500e+02,1.159359008789062500e+03,6.946986389160156250e+01,1.728310791015625000e+03,5.736036300659179688e+01,1.095578491210937500e+03,4.931834793090820312e+01,8.055197143554687500e+02,3.823041534423828125e+01,4.714827575683593750e+02,2.356444168090820312e+01,2.293136444091796875e+02,1.316009044647216797e+01,1.292920074462890625e+02,5.234423637390136719e+00,6.858769226074218750e+01,-3.167006492614746094e+00,1.084156875610351562e+02,-5.086657524108886719e+00,8.057429504394531250e+01,-3.496252894401550293e-01,6.740682983398437500e+01,7.262131571769714355e-01,6.411683654785156250e+01,-1.967001318931579590e+00,2.619918251037597656e+01,-1.208345770835876465e+00,6.651724243164062500e+01,-1.647558450698852539e+00,1.011885070800781250e+02,-1.498874664306640625e+00,6.508809661865234375e+01,-1.324182748794555664e+00,4.723150253295898438e+01,-1.145940542221069336e+00,2.672980690002441406e+01,-9.486168026924133301e-01,1.180837440490722656e+01,-7.236419916152954102e-01,5.441547870635986328e+00,-4.963570535182952881e-01,1.525901556015014648e+00,-3.168901503086090088e-01,3.025456905364990234e+00,-2.207030057907104492e-01,2.984926700592041016e+00,-1.896672248840332031e-01,2.878708362579345703e+00,-1.701175272464752197e-01,2.837704420089721680e+00,-1.378601342439651489e-01,1.337593793869018555e+00,-4.625437259674072266e-01,7.256853580474853516e+00,-6.174057126045227051e-01,1.219166755676269531e+01,-5.301851034164428711e-01,1.151345539093017578e+01,-4.322465956211090088e-01,8.981207847595214844e+00,-3.372882008552551270e-01,6.596804141998291016e+00,-2.335235625505447388e-01,6.334584236145019531e+00,-1.136250272393226624e-01,4.134601116180419922e+00,7.014334201812744141e-03,1.600678086280822754e+00,9.620289504528045654e-02,1.608004212379455566e+00,1.311870515346527100e-01,1.337309479713439941e+00,1.243178099393844604e-01,2.441805839538574219e+00,1.110011562705039978e-01,2.568866968154907227e+00,1.068945378065109253e-01,8.393207788467407227e-01,4.604490473866462708e-02,7.839662139303982258e-04
